Ath Madrid,Malaga,2-0
Espanol,La Coruna,1-1
Numancia,Betis,1-1
Mallorca,Real Madrid,0-1
Osasuna,Ath Bilbao,1-1
Santander,Barcelona,0-2
Sevilla,Albacete,1-0
Sociedad,Levante,1-1
Zaragoza,Getafe,3-1
Valencia,Villarreal,2-1
Ath Bilbao,Valencia,2-2
Barcelona,Sevilla,2-0
Real Madrid,Numancia,1-0
Albacete,Ath Madrid,0-2
Betis,Espanol,1-4
Getafe,Mallorca,1-2
La Coruna,Osasuna,1-3
Levante,Santander,3-1
Malaga,Zaragoza,0-0
Villarreal,Sociedad,0-0
Espanol,Real Madrid,1-0
Osasuna,Betis,3-2
Valencia,Sociedad,3-1
Ath Bilbao,La Coruna,1-2
Ath Madrid,Barcelona,1-1
Mallorca,Malaga,1-2
Numancia,Getafe,1-0
Santander,Villarreal,1-1
Sevilla,Levante,3-0
Zaragoza,Albacete,4-3
Real Madrid,Osasuna,1-0
Albacete,Mallorca,0-0
Betis,Ath Bilbao,2-1
Getafe,Espanol,1-0
La Coruna,Valencia,1-5
Levante,Ath Madrid,1-0
Malaga,Numancia,4-1
Sociedad,Santander,0-1
Villarreal,Sevilla,0-0
Barcelona,Zaragoza,4-1
Ath Bilbao,Real Madrid,2-1
Ath Madrid,Villarreal,1-0
La Coruna,Betis,1-1
Espanol,Malaga,1-0
Mallorca,Barcelona,1-3
Numancia,Albacete,0-0
Osasuna,Getafe,2-1
Sevilla,Sociedad,2-1
Valencia,Santander,2-0
Zaragoza,Levante,4-3
Betis,Valencia,1-1
Sociedad,Ath Madrid,1-0
Albacete,Espanol,1-0
Barcelona,Numancia,1-0
Getafe,Ath Bilbao,3-1
Levante,Mallorca,2-0
Malaga,Osasuna,2-0
Real Madrid,La Coruna,0-1
Santander,Sevilla,0-0
Villarreal,Zaragoza,2-0
Betis,Real Madrid,1-1
Espanol,Barcelona,0-1
La Coruna,Getafe,2-1
Ath Bilbao,Malaga,1-0
Ath Madrid,Santander,1-0
Mallorca,Villarreal,1-1
Numancia,Levante,1-3
Osasuna,Albacete,3-2
Valencia,Sevilla,1-2
Zaragoza,Sociedad,2-1
Malaga,La Coruna,1-1
Real Madrid,Valencia,1-0
Albacete,Ath Bilbao,1-0
Barcelona,Osasuna,3-0
Getafe,Betis,0-2
Levante,Espanol,0-2
Santander,Zaragoza,1-0
Sevilla,Ath Madrid,2-1
Sociedad,Mallorca,2-1
Villarreal,Numancia,4-0
Ath Bilbao,Barcelona,1-1
Valencia,Ath Madrid,1-1
Betis,Malaga,1-1
Espanol,Villarreal,0-0
La Coruna,Albacete,0-0
Mallorca,Santander,1-2
Numancia,Sociedad,0-2
Osasuna,Levante,0-1
Real Madrid,Getafe,2-0
Zaragoza,Sevilla,3-0
Albacete,Betis,0-0
Barcelona,La Coruna,2-1
Ath Madrid,Zaragoza,1-1
Getafe,Valencia,1-0
Levante,Ath Bilbao,1-0
Malaga,Real Madrid,0-2
Santander,Numancia,2-0
Sevilla,Mallorca,1-1
Sociedad,Espanol,0-2
Villarreal,Osasuna,3-0
Ath Bilbao,Villarreal,2-1
Espanol,Santander,2-1
Getafe,Malaga,1-0
La Coruna,Levante,1-0
Numancia,Sevilla,2-1
Osasuna,Sociedad,1-0
Valencia,Zaragoza,0-0
Betis,Barcelona,2-1
Mallorca,Ath Madrid,1-1
Real Madrid,Albacete,6-1
Barcelona,Real Madrid,3-0
Malaga,Valencia,0-2
Villarreal,La Coruna,0-2
Albacete,Getafe,1-1
Ath Madrid,Numancia,2-0
Levante,Betis,1-2
Santander,Osasuna,1-1
Sevilla,Espanol,1-0
Sociedad,Ath Bilbao,3-2
Zaragoza,Mallorca,0-1
Ath Bilbao,Santander,3-0
Espanol,Ath Madrid,2-1
Getafe,Barcelona,1-2
Betis,Villarreal,2-1
La Coruna,Sociedad,2-2
Malaga,Albacete,0-2
Numancia,Zaragoza,2-1
Osasuna,Sevilla,4-1
Real Madrid,Levante,5-0
Valencia,Mallorca,2-0
Albacete,Valencia,0-1
Barcelona,Malaga,4-0
Sociedad,Betis,1-0
Ath Madrid,Osasuna,3-2
Levante,Getafe,0-0
Mallorca,Numancia,3-2
Santander,La Coruna,2-2
Sevilla,Ath Bilbao,2-0
Villarreal,Real Madrid,0-0
Zaragoza,Espanol,0-1
Albacete,Barcelona,1-2
Ath Bilbao,Ath Madrid,1-0
Betis,Santander,2-1
Espanol,Mallorca,2-1
Getafe,Villarreal,1-2
La Coruna,Sevilla,2-2
Malaga,Levante,1-0
Osasuna,Zaragoza,2-2
Valencia,Numancia,1-0
Barcelona,Valencia,1-1
Levante,Albacete,1-1
Santander,Real Madrid,2-3
Ath Madrid,La Coruna,1-0
Mallorca,Osasuna,1-2
Numancia,Espanol,0-0
Sevilla,Betis,2-1
Sociedad,Getafe,1-1
Villarreal,Malaga,3-0
Zaragoza,Ath Bilbao,0-2
Barcelona,Levante,2-1
Betis,Ath Madrid,1-0
Albacete,Villarreal,2-2
Ath Bilbao,Mallorca,4-0
Getafe,Santander,2-0
La Coruna,Zaragoza,2-3
Malaga,Sociedad,1-5
Osasuna,Numancia,2-0
Real Madrid,Sevilla,0-1
Valencia,Espanol,3-0
Real Madrid,Sociedad,2-1
Numancia,Ath Bilbao,1-1
Sevilla,Getafe,0-0
Valencia,Levante,2-1
Ath Madrid,Real Madrid,0-3
Espanol,Osasuna,4-1
Mallorca,La Coruna,2-2
Santander,Malaga,2-1
Sociedad,Albacete,0-2
Villarreal,Barcelona,3-0
Zaragoza,Betis,1-0
Getafe,Ath Madrid,1-1
Malaga,Sevilla,1-0
Albacete,Santander,0-0
Ath Bilbao,Espanol,1-1
Barcelona,Sociedad,1-0
Betis,Mallorca,2-0
La Coruna,Numancia,1-1
Levante,Villarreal,2-4
Osasuna,Valencia,0-0
Real Madrid,Zaragoza,3-1
Ath Bilbao,Osasuna,4-3
Barcelona,Santander,3-0
Albacete,Sevilla,0-2
Betis,Numancia,4-0
Getafe,Zaragoza,3-0
La Coruna,Espanol,4-1
Levante,Sociedad,2-1
Malaga,Ath Madrid,1-0
Real Madrid,Mallorca,3-1
Villarreal,Valencia,3-1
Ath Madrid,Albacete,3-1
Sevilla,Barcelona,0-4
Espanol,Betis,2-2
Mallorca,Getafe,3-1
Numancia,Real Madrid,1-2
Osasuna,La Coruna,1-1
Santander,Levante,2-2
Sociedad,Villarreal,0-4
Valencia,Ath Bilbao,2-2
Zaragoza,Malaga,1-0
Real Madrid,Espanol,4-0
Sociedad,Valencia,3-3
Albacete,Zaragoza,2-1
Barcelona,Ath Madrid,0-2
Betis,Osasuna,3-1
Getafe,Numancia,1-0
La Coruna,Ath Bilbao,1-1
Levante,Sevilla,0-3
Malaga,Mallorca,0-0
Villarreal,Santander,2-1
Valencia,La Coruna,1-2
Zaragoza,Barcelona,1-4
Ath Bilbao,Betis,4-4
Ath Madrid,Levante,0-0
Espanol,Getafe,2-0
Mallorca,Albacete,2-1
Numancia,Malaga,0-1
Osasuna,Real Madrid,1-2
Santander,Sociedad,1-3
Sevilla,Villarreal,2-1
Barcelona,Mallorca,2-0
Real Madrid,Ath Bilbao,0-2
Sociedad,Sevilla,1-0
Albacete,Numancia,1-2
Betis,La Coruna,2-0
Getafe,Osasuna,0-0
Levante,Zaragoza,0-0
Malaga,Espanol,3-2
Santander,Valencia,1-0
Villarreal,Ath Madrid,3-2
Espanol,Albacete,2-1
La Coruna,Real Madrid,2-0
Mallorca,Levante,1-2
Numancia,Barcelona,1-1
Ath Madrid,Sociedad,1-0
Osasuna,Malaga,1-6
Sevilla,Santander,2-2
Valencia,Betis,2-1
Zaragoza,Villarreal,1-0
Barcelona,Espanol,0-0
Albacete,Osasuna,1-1
Getafe,La Coruna,1-1
Levante,Numancia,1-1
Malaga,Ath Bilbao,1-0
Real Madrid,Betis,3-1
Santander,Ath Madrid,2-1
Sevilla,Valencia,2-2
Sociedad,Zaragoza,2-1
Villarreal,Mallorca,2-1
Ath Madrid,Sevilla,3-0
Osasuna,Barcelona,0-1
Valencia,Real Madrid,1-1
Ath Bilbao,Albacete,3-1
Betis,Getafe,2-2
Espanol,Levante,2-1
La Coruna,Malaga,1-0
Mallorca,Sociedad,3-2
Numancia,Villarreal,1-1
Zaragoza,Santander,1-0
Barcelona,Ath Bilbao,2-0
Malaga,Betis,1-2
Albacete,La Coruna,0-1
Ath Madrid,Valencia,1-0
Getafe,Real Madrid,2-1
Levante,Osasuna,4-0
Santander,Mallorca,3-0
Sevilla,Zaragoza,0-1
Sociedad,Numancia,2-1
Villarreal,Espanol,4-1
Ath Bilbao,Getafe,1-2
Betis,Albacete,2-1
Espanol,Sociedad,2-2
La Coruna,Barcelona,0-1
Ath Bilbao,Levante,3-1
Mallorca,Sevilla,0-1
Numancia,Santander,2-3
Real Madrid,Malaga,1-0
Valencia,Getafe,3-1
Zaragoza,Ath Madrid,0-0
Sociedad,Osasuna,2-0
Villarreal,Ath Bilbao,3-1
Zaragoza,Valencia,2-2
Albacete,Real Madrid,1-2
Ath Madrid,Mallorca,4-0
Barcelona,Betis,3-3
Levante,La Coruna,0-1
Malaga,Getafe,1-1
Santander,Espanol,1-3
Sevilla,Numancia,1-0
Ath Bilbao,Sociedad,3-0
Numancia,Ath Madrid,1-0
Betis,Levante,2-2
Espanol,Sevilla,1-3
Getafe,Albacete,1-0
La Coruna,Villarreal,1-1
Mallorca,Zaragoza,0-2
Osasuna,Santander,1-0
Real Madrid,Barcelona,4-2
Valencia,Malaga,2-2
Ath Madrid,Espanol,0-0
Sevilla,Osasuna,0-1
Sociedad,La Coruna,1-0
Albacete,Malaga,1-2
Barcelona,Getafe,2-0
Levante,Real Madrid,0-2
Mallorca,Valencia,0-0
Santander,Ath Bilbao,0-2
Villarreal,Betis,0-0
Zaragoza,Numancia,4-1
Osasuna,Ath Madrid,1-0
Real Madrid,Villarreal,2-1
Ath Bilbao,Sevilla,1-3
Betis,Sociedad,2-3
Espanol,Zaragoza,3-1
Getafe,Levante,1-0
La Coruna,Santander,1-4
Malaga,Barcelona,0-4
Numancia,Mallorca,1-2
Valencia,Albacete,2-0
Osasuna,Villarreal,3-2
Ath Madrid,Ath Bilbao,1-1
Numancia,Valencia,1-1
Sociedad,Real Madrid,0-2
Barcelona,Albacete,2-0
Levante,Malaga,0-1
Mallorca,Espanol,3-2
Santander,Betis,1-1
Sevilla,La Coruna,2-0
Villarreal,Getafe,4-0
Zaragoza,Osasuna,5-1
Ath Bilbao,Zaragoza,2-0
Betis,Sevilla,1-0
Osasuna,Mallorca,1-1
Real Madrid,Santander,5-0
Albacete,Levante,3-1
Espanol,Numancia,3-0
Getafe,Sociedad,2-0
La Coruna,Ath Madrid,2-0
Malaga,Villarreal,0-2
Valencia,Barcelona,0-2
Levante,Barcelona,1-1
Sevilla,Real Madrid,2-2
Ath Madrid,Betis,1-2
Espanol,Valencia,2-2
Mallorca,Ath Bilbao,4-3
Numancia,Osasuna,2-2
Santander,Getafe,2-1
Sociedad,Malaga,1-3
Villarreal,Albacete,1-0
Zaragoza,La Coruna,2-2
Betis,Zaragoza,3-2
Real Madrid,Ath Madrid,0-0
Albacete,Sociedad,2-2
Ath Bilbao,Numancia,0-2
Barcelona,Villarreal,3-3
Getafe,Sevilla,0-0
La Coruna,Mallorca,0-3
Levante,Valencia,0-0
Malaga,Santander,2-0
Osasuna,Espanol,1-1
Ath Madrid,Getafe,2-2
Espanol,Ath Bilbao,2-0
Mallorca,Betis,1-1
Numancia,La Coruna,1-1
Santander,Albacete,1-0
Sevilla,Malaga,0-2
Sociedad,Barcelona,0-0
Valencia,Osasuna,1-0
Villarreal,Levante,4-1
Zaragoza,Real Madrid,1-3
Alaves,Barcelona,0-0
Ath Bilbao,Sociedad,3-0
Valencia,Betis,1-0
Ath Madrid,Zaragoza,0-0
Cadiz,Real Madrid,1-2
Celta,Malaga,2-0
Espanol,Getafe,0-2
Mallorca,La Coruna,0-1
Osasuna,Villarreal,2-1
Sevilla,Santander,1-0
Betis,Osasuna,1-0
La Coruna,Ath Madrid,1-0
Real Madrid,Celta,2-3
Barcelona,Mallorca,2-0
Getafe,Ath Bilbao,1-1
Malaga,Espanol,1-2
Santander,Cadiz,0-1
Sociedad,Alaves,2-1
Villarreal,Sevilla,1-1
Zaragoza,Valencia,2-2
Mallorca,Sociedad,5-2
Valencia,La Coruna,2-2
Alaves,Getafe,3-4
Ath Bilbao,Malaga,1-2
Ath Madrid,Barcelona,2-1
Betis,Zaragoza,0-0
Cadiz,Villarreal,1-1
Celta,Santander,0-1
Espanol,Real Madrid,1-0
Osasuna,Sevilla,1-0
Barcelona,Valencia,2-2
Getafe,Mallorca,1-1
La Coruna,Betis,1-1
Malaga,Alaves,0-0
Santander,Espanol,1-0
Sevilla,Cadiz,0-0
Sociedad,Ath Madrid,3-2
Villarreal,Celta,1-2
Zaragoza,Osasuna,3-1
Real Madrid,Ath Bilbao,3-1
Ath Madrid,Getafe,0-1
Betis,Barcelona,1-4
Espanol,Villarreal,1-2
Valencia,Sociedad,2-1
Zaragoza,La Coruna,1-1
Alaves,Real Madrid,0-3
Ath Bilbao,Santander,0-0
Celta,Sevilla,2-1
Mallorca,Malaga,1-4
Osasuna,Cadiz,2-0
Barcelona,Zaragoza,2-2
Getafe,Valencia,2-1
Cadiz,Celta,1-1
La Coruna,Osasuna,0-1
Malaga,Ath Madrid,0-2
Real Madrid,Mallorca,4-0
Santander,Alaves,1-2
Sevilla,Espanol,1-1
Sociedad,Betis,1-1
Villarreal,Ath Bilbao,3-1
Alaves,Villarreal,1-1
Ath Madrid,Real Madrid,0-3
La Coruna,Barcelona,3-3
Ath Bilbao,Sevilla,0-1
Betis,Getafe,1-0
Espanol,Cadiz,0-2
Mallorca,Santander,0-0
Osasuna,Celta,2-0
Valencia,Malaga,2-1
Zaragoza,Sociedad,0-1
Barcelona,Osasuna,3-0
Sevilla,Alaves,2-0
Cadiz,Ath Bilbao,1-0
Celta,Espanol,1-0
Getafe,Zaragoza,5-2
Malaga,Betis,5-0
Real Madrid,Valencia,1-2
Santander,Ath Madrid,0-1
Sociedad,La Coruna,2-0
Villarreal,Mallorca,3-0
Barcelona,Malaga,2-0
Betis,Villarreal,2-3
La Coruna,Real Madrid,3-1
Mallorca,Celta,1-0
Osasuna,Ath Bilbao,3-2
Alaves,Espanol,1-1
Ath Madrid,Cadiz,3-0
Sociedad,Getafe,3-0
Valencia,Sevilla,0-2
Zaragoza,Santander,1-1
Ath Bilbao,Celta,1-1
Betis,Real Madrid,0-2
Alaves,Cadiz,0-0
Ath Madrid,Villarreal,1-1
Barcelona,Sociedad,5-0
La Coruna,Getafe,1-0
Mallorca,Sevilla,1-1
Osasuna,Espanol,2-0
Valencia,Santander,1-1
Zaragoza,Malaga,1-1
Espanol,Ath Bilbao,1-1
Sociedad,Osasuna,1-2
Villarreal,Valencia,1-0
Cadiz,Mallorca,1-2
Celta,Alaves,2-1
Getafe,Barcelona,1-3
Malaga,La Coruna,1-1
Real Madrid,Zaragoza,1-0
Santander,Betis,1-1
Sevilla,Ath Madrid,0-0
Getafe,Osasuna,0-0
Real Madrid,Barcelona,0-3
Sevilla,Betis,1-0
Villarreal,Zaragoza,0-0
Ath Bilbao,Alaves,0-2
Cadiz,Valencia,0-1
Celta,Ath Madrid,2-1
Espanol,Mallorca,2-0
Malaga,Sociedad,3-1
Santander,La Coruna,0-3
Mallorca,Ath Bilbao,0-1
Valencia,Celta,2-0
Ath Madrid,Espanol,1-1
Barcelona,Santander,4-1
Betis,Cadiz,1-1
Getafe,Malaga,3-2
La Coruna,Villarreal,0-2
Osasuna,Alaves,3-2
Sociedad,Real Madrid,2-2
Zaragoza,Sevilla,0-2
Ath Bilbao,Ath Madrid,1-1
Celta,Betis,2-1
Real Madrid,Getafe,1-0
Alaves,Mallorca,0-3
Cadiz,Zaragoza,1-2
Espanol,Valencia,1-3
Malaga,Osasuna,1-2
Santander,Sociedad,2-2
Sevilla,La Coruna,0-2
Villarreal,Barcelona,0-2
Sociedad,Villarreal,1-3
Valencia,Ath Bilbao,1-1
Ath Madrid,Alaves,1-1
Barcelona,Sevilla,2-1
Betis,Espanol,0-0
Getafe,Santander,1-2
La Coruna,Cadiz,1-0
Malaga,Real Madrid,0-2
Osasuna,Mallorca,1-0
Zaragoza,Celta,1-0
Ath Bilbao,Betis,2-0
Cadiz,Barcelona,1-3
Celta,La Coruna,0-3
Alaves,Valencia,0-1
Espanol,Zaragoza,2-2
Mallorca,Ath Madrid,2-2
Real Madrid,Osasuna,1-1
Santander,Malaga,1-1
Sevilla,Sociedad,3-2
Villarreal,Getafe,2-1
Barcelona,Celta,2-0
Betis,Alaves,3-0
Getafe,Sevilla,1-0
La Coruna,Espanol,1-2
Malaga,Villarreal,0-0
Real Madrid,Santander,1-2
Sociedad,Cadiz,2-0
Valencia,Mallorca,3-0
Zaragoza,Ath Bilbao,3-2
Osasuna,Ath Madrid,2-1
Ath Bilbao,La Coruna,1-2
Espanol,Barcelona,1-2
Alaves,Zaragoza,0-2
Ath Madrid,Valencia,0-0
Cadiz,Getafe,1-0
Celta,Sociedad,1-0
Mallorca,Betis,1-1
Osasuna,Santander,1-1
Sevilla,Malaga,3-1
Villarreal,Real Madrid,0-0
Betis,Ath Madrid,1-0
Valencia,Osasuna,2-0
Barcelona,Ath Bilbao,2-1
Getafe,Celta,1-1
La Coruna,Alaves,0-2
Malaga,Cadiz,0-2
Real Madrid,Sevilla,4-2
Santander,Villarreal,1-0
Sociedad,Espanol,0-1
Zaragoza,Mallorca,3-1
Real Madrid,Cadiz,3-1
Zaragoza,Ath Madrid,0-2
Barcelona,Alaves,2-0
Betis,Valencia,0-2
Getafe,Espanol,5-0
La Coruna,Mallorca,2-2
Malaga,Celta,0-2
Santander,Sevilla,2-3
Sociedad,Ath Bilbao,3-3
Villarreal,Osasuna,2-1
Ath Bilbao,Getafe,1-0
Ath Madrid,La Coruna,3-2
Cadiz,Santander,1-1
Alaves,Sociedad,3-1
Celta,Real Madrid,1-2
Espanol,Malaga,3-1
Mallorca,Barcelona,0-3
Osasuna,Betis,0-2
Sevilla,Villarreal,2-0
Valencia,Zaragoza,2-2
La Coruna,Valencia,0-1
Malaga,Ath Bilbao,2-1
Real Madrid,Espanol,4-0
Barcelona,Ath Madrid,1-3
Getafe,Alaves,2-2
Santander,Celta,0-1
Sevilla,Osasuna,0-1
Sociedad,Mallorca,2-1
Villarreal,Cadiz,1-1
Zaragoza,Betis,4-3
Ath Bilbao,Real Madrid,0-2
Cadiz,Sevilla,0-4
Osasuna,Zaragoza,1-1
Alaves,Malaga,3-2
Ath Madrid,Sociedad,1-0
Betis,La Coruna,0-1
Celta,Villarreal,1-0
Espanol,Santander,0-2
Mallorca,Getafe,1-1
Valencia,Barcelona,1-0
Barcelona,Betis,5-1
Real Madrid,Alaves,3-0
Sevilla,Celta,1-0
Villarreal,Espanol,4-0
Cadiz,Osasuna,1-3
Getafe,Ath Madrid,0-3
La Coruna,Zaragoza,1-1
Malaga,Mallorca,0-2
Santander,Ath Bilbao,0-1
Sociedad,Valencia,1-2
Ath Madrid,Malaga,5-0
Zaragoza,Barcelona,0-2
Alaves,Santander,2-2
Ath Bilbao,Villarreal,1-1
Betis,Sociedad,2-0
Celta,Cadiz,2-0
Espanol,Sevilla,5-0
Mallorca,Real Madrid,2-1
Osasuna,La Coruna,1-2
Valencia,Getafe,1-1
Barcelona,La Coruna,3-2
Cadiz,Espanol,2-0
Real Madrid,Ath Madrid,2-1
Villarreal,Alaves,3-2
Celta,Osasuna,2-0
Getafe,Betis,1-0
Malaga,Valencia,0-0
Santander,Mallorca,0-0
Sevilla,Ath Bilbao,2-1
Sociedad,Zaragoza,1-3
Espanol,Celta,2-0
La Coruna,Sociedad,0-1
Valencia,Real Madrid,0-0
Alaves,Sevilla,2-1
Ath Bilbao,Cadiz,1-0
Ath Madrid,Santander,2-1
Betis,Malaga,1-1
Mallorca,Villarreal,1-1
Osasuna,Barcelona,2-1
Zaragoza,Getafe,1-2
Getafe,La Coruna,1-2
Sociedad,Barcelona,0-2
Villarreal,Ath Madrid,1-1
Cadiz,Alaves,0-0
Celta,Ath Bilbao,0-1
Espanol,Osasuna,2-4
Malaga,Zaragoza,0-1
Real Madrid,Betis,0-0
Santander,Valencia,2-1
Sevilla,Mallorca,1-1
Barcelona,Getafe,3-1
Alaves,Celta,1-0
Ath Bilbao,Espanol,1-1
Betis,Santander,1-0
La Coruna,Malaga,2-1
Mallorca,Cadiz,1-0
Osasuna,Sociedad,2-0
Valencia,Villarreal,1-1
Zaragoza,Real Madrid,1-1
Ath Madrid,Sevilla,0-1
Ath Bilbao,Osasuna,1-0
Malaga,Barcelona,0-0
Villarreal,Betis,1-2
Cadiz,Ath Madrid,1-1
Celta,Mallorca,2-0
Espanol,Alaves,0-0
Getafe,Sociedad,2-1
Real Madrid,La Coruna,4-0
Santander,Zaragoza,0-0
Sevilla,Valencia,1-0
Barcelona,Real Madrid,1-1
Sociedad,Malaga,3-0
Zaragoza,Villarreal,0-1
Alaves,Ath Bilbao,0-0
Ath Madrid,Celta,0-3
Betis,Sevilla,2-1
La Coruna,Santander,2-0
Mallorca,Espanol,0-0
Osasuna,Getafe,0-4
Valencia,Cadiz,5-3
Cadiz,Betis,1-1
Celta,Valencia,0-1
Malaga,Getafe,1-2
Real Madrid,Sociedad,1-1
Alaves,Osasuna,1-2
Ath Bilbao,Mallorca,1-1
Espanol,Ath Madrid,1-1
Santander,Barcelona,2-2
Sevilla,Zaragoza,1-1
Villarreal,La Coruna,1-1
Barcelona,Villarreal,1-0
La Coruna,Sevilla,0-0
Mallorca,Alaves,0-0
Sociedad,Santander,1-0
Ath Madrid,Ath Bilbao,1-0
Betis,Celta,0-2
Getafe,Real Madrid,1-1
Osasuna,Malaga,1-1
Valencia,Espanol,4-0
Zaragoza,Cadiz,1-2
Alaves,Ath Madrid,0-1
Celta,Zaragoza,4-0
Villarreal,Sociedad,0-2
Ath Bilbao,Valencia,0-3
Cadiz,La Coruna,1-1
Espanol,Betis,2-0
Mallorca,Osasuna,0-1
Real Madrid,Malaga,2-1
Santander,Getafe,1-3
Barcelona,Cadiz,1-0
Betis,Ath Bilbao,1-1
La Coruna,Celta,0-2
Ath Madrid,Mallorca,0-1
Getafe,Villarreal,1-1
Malaga,Santander,2-3
Osasuna,Real Madrid,0-1
Sociedad,Sevilla,1-2
Valencia,Alaves,3-0
Zaragoza,Espanol,1-1
Alaves,Betis,2-0
Ath Bilbao,Zaragoza,1-0
Ath Madrid,Osasuna,0-1
Cadiz,Sociedad,2-2
Celta,Barcelona,0-1
Espanol,La Coruna,1-2
Mallorca,Valencia,2-1
Sevilla,Getafe,3-0
Villarreal,Malaga,2-1
Santander,Real Madrid,2-3
Barcelona,Espanol,2-0
Malaga,Sevilla,0-2
Valencia,Ath Madrid,1-1
Betis,Mallorca,2-1
Getafe,Cadiz,3-1
La Coruna,Ath Bilbao,1-2
Real Madrid,Villarreal,3-3
Santander,Osasuna,2-1
Sociedad,Celta,2-2
Zaragoza,Alaves,3-0
Alaves,La Coruna,1-0
Ath Madrid,Betis,1-1
Cadiz,Malaga,5-0
Celta,Getafe,1-0
Espanol,Sociedad,1-0
Mallorca,Zaragoza,3-1
Sevilla,Barcelona,3-2
Villarreal,Santander,2-0
Osasuna,Valencia,2-1
Sevilla,Real Madrid,4-3
Ath Bilbao,Barcelona,3-1
Valencia,Betis,2-1
Ath Bilbao,Sociedad,1-1
Espanol,Gimnastic,0-1
La Coruna,Zaragoza,3-2
Osasuna,Getafe,0-2
Real Madrid,Villarreal,0-0
Recreativo,Mallorca,1-1
Santander,Ath Madrid,0-1
Celta,Barcelona,2-3
Sevilla,Levante,4-0
Ath Madrid,Valencia,0-1
Barcelona,Osasuna,3-0
Betis,Ath Bilbao,3-0
Getafe,Santander,1-0
Gimnastic,Celta,1-2
Levante,Real Madrid,1-4
Mallorca,La Coruna,0-0
Sociedad,Sevilla,1-3
Villarreal,Recreativo,0-1
Zaragoza,Espanol,3-0
La Coruna,Villarreal,2-0
Ath Bilbao,Ath Madrid,1-4
Espanol,Celta,2-1
Osasuna,Gimnastic,2-0
Real Madrid,Sociedad,2-0
Recreativo,Levante,0-1
Santander,Barcelona,0-3
Sevilla,Betis,3-2
Valencia,Getafe,2-0
Zaragoza,Mallorca,2-0
Betis,Real Madrid,0-1
Ath Madrid,Sevilla,2-1
Barcelona,Valencia,1-1
Celta,Osasuna,0-2
Getafe,Ath Bilbao,0-0
Gimnastic,Santander,2-2
Levante,La Coruna,2-0
Mallorca,Espanol,1-0
Sociedad,Recreativo,2-3
Villarreal,Zaragoza,3-2
Ath Bilbao,Barcelona,1-3
Espanol,Osasuna,0-0
La Coruna,Sociedad,2-0
Mallorca,Villarreal,1-2
Real Madrid,Ath Madrid,1-1
Recreativo,Betis,2-0
Santander,Celta,1-1
Sevilla,Getafe,1-0
Valencia,Gimnastic,4-0
Zaragoza,Levante,2-2
Ath Madrid,Recreativo,2-1
Getafe,Real Madrid,1-0
Barcelona,Sevilla,3-1
Betis,La Coruna,1-1
Celta,Valencia,3-2
Gimnastic,Ath Bilbao,2-3
Levante,Mallorca,0-1
Osasuna,Santander,0-1
Sociedad,Zaragoza,1-3
Villarreal,Espanol,0-0
La Coruna,Ath Madrid,1-0
Villarreal,Levante,1-1
Zaragoza,Betis,2-1
Ath Bilbao,Celta,0-1
Espanol,Santander,2-2
Mallorca,Sociedad,0-0
Real Madrid,Barcelona,2-0
Recreativo,Getafe,1-2
Sevilla,Gimnastic,2-1
Valencia,Osasuna,1-0
Barcelona,Recreativo,3-0
Gimnastic,Real Madrid,1-3
Santander,Valencia,1-0
Ath Madrid,Zaragoza,0-1
Betis,Mallorca,0-1
Celta,Sevilla,1-2
Getafe,La Coruna,2-0
Levante,Espanol,0-0
Osasuna,Ath Bilbao,1-1
Sociedad,Villarreal,0-1
La Coruna,Barcelona,1-1
Levante,Sociedad,2-0
Mallorca,Ath Madrid,0-0
Ath Bilbao,Santander,0-0
Espanol,Valencia,1-1
Real Madrid,Celta,1-2
Recreativo,Gimnastic,2-1
Sevilla,Osasuna,2-0
Villarreal,Betis,3-2
Zaragoza,Getafe,3-1
Ath Madrid,Villarreal,3-1
Valencia,Ath Bilbao,1-1
Barcelona,Zaragoza,3-1
Betis,Levante,2-1
Celta,Recreativo,1-2
Getafe,Mallorca,1-0
Gimnastic,La Coruna,0-0
Osasuna,Real Madrid,1-4
Santander,Sevilla,0-0
Sociedad,Espanol,1-1
Real Madrid,Santander,3-1
Sevilla,Valencia,3-0
Espanol,Ath Bilbao,3-2
La Coruna,Celta,0-1
Levante,Ath Madrid,0-3
Mallorca,Barcelona,1-4
Recreativo,Osasuna,2-0
Sociedad,Betis,0-0
Villarreal,Getafe,1-0
Zaragoza,Gimnastic,3-0
Ath Madrid,Sociedad,1-1
Barcelona,Villarreal,4-0
Ath Bilbao,Sevilla,1-3
Betis,Espanol,1-1
Celta,Zaragoza,1-1
Getafe,Levante,0-0
Gimnastic,Mallorca,2-3
Osasuna,La Coruna,4-1
Santander,Recreativo,4-3
Valencia,Real Madrid,0-1
Betis,Ath Madrid,0-1
Levante,Barcelona,1-1
Recreativo,Valencia,2-0
Espanol,Sevilla,2-1
La Coruna,Santander,0-0
Mallorca,Celta,2-2
Real Madrid,Ath Bilbao,2-1
Sociedad,Getafe,0-0
Villarreal,Gimnastic,2-0
Zaragoza,Osasuna,1-2
Barcelona,Sociedad,1-0
Sevilla,Real Madrid,2-1
Ath Bilbao,Recreativo,4-2
Ath Madrid,Espanol,1-2
Celta,Villarreal,1-1
Getafe,Betis,1-1
Gimnastic,Levante,2-1
Osasuna,Mallorca,3-0
Santander,Zaragoza,0-2
Valencia,La Coruna,4-0
La Coruna,Ath Bilbao,0-2
Mallorca,Santander,1-2
Zaragoza,Valencia,0-1
Ath Madrid,Getafe,1-0
Espanol,Real Madrid,0-1
Levante,Celta,1-1
Recreativo,Sevilla,1-3
Sociedad,Gimnastic,3-2
Villarreal,Osasuna,1-4
Ath Bilbao,Zaragoza,0-0
Valencia,Mallorca,3-1
Celta,Sociedad,0-0
Getafe,Espanol,0-1
Gimnastic,Betis,0-1
Osasuna,Levante,2-1
Real Madrid,Recreativo,0-3
Santander,Villarreal,2-1
Sevilla,La Coruna,4-0
Barcelona,Ath Madrid,1-1
Ath Madrid,Gimnastic,0-0
Sociedad,Osasuna,2-1
Zaragoza,Sevilla,2-1
Betis,Celta,1-0
Espanol,Recreativo,0-1
Getafe,Barcelona,1-1
La Coruna,Real Madrid,2-0
Levante,Santander,2-0
Mallorca,Ath Bilbao,1-3
Villarreal,Valencia,0-1
Espanol,Barcelona,3-1
Valencia,Levante,3-0
Ath Bilbao,Villarreal,0-1
Celta,Ath Madrid,1-3
Gimnastic,Getafe,1-3
Osasuna,Betis,5-1
Real Madrid,Zaragoza,1-0
Recreativo,La Coruna,1-1
Santander,Sociedad,1-0
Sevilla,Mallorca,1-2
Ath Madrid,Osasuna,1-0
Villarreal,Sevilla,0-0
Barcelona,Gimnastic,3-0
Betis,Santander,1-1
Getafe,Celta,1-0
La Coruna,Espanol,0-0
Levante,Ath Bilbao,0-0
Mallorca,Real Madrid,0-1
Sociedad,Valencia,0-1
Zaragoza,Recreativo,0-0
Betis,Barcelona,1-1
Ath Madrid,Santander,1-1
Villarreal,Real Madrid,1-0
Barcelona,Celta,3-1
Betis,Valencia,2-1
Getafe,Osasuna,2-0
Gimnastic,Espanol,4-0
Levante,Sevilla,2-4
Mallorca,Recreativo,2-1
Sociedad,Ath Bilbao,0-2
Zaragoza,La Coruna,1-1
Espanol,Zaragoza,1-2
La Coruna,Mallorca,1-0
Valencia,Ath Madrid,3-1
Ath Bilbao,Betis,1-2
Celta,Gimnastic,1-1
Osasuna,Barcelona,0-0
Real Madrid,Levante,0-1
Recreativo,Villarreal,2-1
Santander,Getafe,1-0
Sevilla,Sociedad,0-0
Betis,Sevilla,0-0
Sociedad,Real Madrid,1-2
Ath Madrid,Ath Bilbao,1-0
Barcelona,Santander,2-0
Celta,Espanol,0-2
Getafe,Valencia,3-0
Gimnastic,Osasuna,2-3
Levante,Recreativo,2-1
Mallorca,Zaragoza,2-1
Villarreal,La Coruna,0-2
Real Madrid,Betis,0-0
Zaragoza,Villarreal,1-0
Ath Bilbao,Getafe,2-0
Espanol,Mallorca,3-1
La Coruna,Levante,0-0
Osasuna,Celta,0-1
Recreativo,Sociedad,1-0
Santander,Gimnastic,4-1
Sevilla,Ath Madrid,3-1
Valencia,Barcelona,2-1
Ath Madrid,Real Madrid,1-1
Sociedad,La Coruna,0-1
Barcelona,Ath Bilbao,3-0
Betis,Recreativo,0-0
Celta,Santander,2-2
Getafe,Sevilla,0-0
Gimnastic,Valencia,1-1
Levante,Zaragoza,0-0
Osasuna,Espanol,0-2
Villarreal,Mallorca,2-1
Sevilla,Barcelona,2-1
Valencia,Celta,1-0
Ath Bilbao,Gimnastic,0-2
Espanol,Villarreal,1-1
La Coruna,Betis,0-1
Mallorca,Levante,3-1
Real Madrid,Getafe,1-1
Recreativo,Ath Madrid,1-0
Santander,Osasuna,1-0
Zaragoza,Sociedad,3-2
Barcelona,Real Madrid,3-3
Levante,Villarreal,0-2
Ath Madrid,La Coruna,2-0
Betis,Zaragoza,1-1
Celta,Ath Bilbao,1-1
Getafe,Recreativo,1-1
Gimnastic,Sevilla,1-0
Osasuna,Valencia,1-1
Santander,Espanol,1-1
Sociedad,Mallorca,3-1
Ath Bilbao,Osasuna,0-3
Mallorca,Betis,2-0
Recreativo,Barcelona,0-4
Valencia,Santander,0-2
Espanol,Levante,1-1
La Coruna,Getafe,1-0
Real Madrid,Gimnastic,2-0
Sevilla,Celta,2-0
Villarreal,Sociedad,1-1
Zaragoza,Ath Madrid,1-0
Barcelona,La Coruna,2-1
Betis,Villarreal,3-3
Sociedad,Levante,1-0
Valencia,Espanol,3-2
Ath Madrid,Mallorca,1-1
Celta,Real Madrid,1-2
Getafe,Zaragoza,2-2
Gimnastic,Recreativo,1-1
Osasuna,Sevilla,0-0
Santander,Ath Bilbao,5-4
Ath Bilbao,Valencia,1-0
Zaragoza,Barcelona,1-0
Espanol,Sociedad,1-0
La Coruna,Gimnastic,1-0
Levante,Betis,1-1
Mallorca,Getafe,2-0
Real Madrid,Osasuna,2-0
Recreativo,Celta,4-2
Sevilla,Santander,0-0
Villarreal,Ath Madrid,0-1
Betis,Sociedad,0-1
Santander,Real Madrid,2-1
Ath Bilbao,Espanol,2-1
Ath Madrid,Levante,1-0
Barcelona,Mallorca,1-0
Celta,La Coruna,1-0
Getafe,Villarreal,3-0
Gimnastic,Zaragoza,1-0
Osasuna,Recreativo,1-1
Valencia,Sevilla,2-0
Real Madrid,Valencia,2-1
Sociedad,Ath Madrid,2-0
Espanol,Betis,2-2
La Coruna,Osasuna,1-0
Levante,Getafe,1-1
Mallorca,Gimnastic,1-0
Recreativo,Santander,4-2
Sevilla,Ath Bilbao,4-1
Villarreal,Barcelona,2-0
Zaragoza,Celta,2-0
Ath Madrid,Betis,0-0
Valencia,Recreativo,2-0
Ath Bilbao,Real Madrid,1-4
Barcelona,Levante,1-0
Celta,Mallorca,0-3
Getafe,Sociedad,1-0
Gimnastic,Villarreal,0-3
Osasuna,Zaragoza,2-2
Santander,La Coruna,0-0
Sevilla,Espanol,3-1
La Coruna,Valencia,1-2
Sociedad,Barcelona,0-2
Betis,Getafe,0-2
Espanol,Ath Madrid,2-1
Levante,Gimnastic,2-0
Mallorca,Osasuna,3-1
Real Madrid,Sevilla,3-2
Recreativo,Ath Bilbao,0-0
Villarreal,Celta,1-0
Zaragoza,Santander,0-0
Real Madrid,Espanol,4-3
Sevilla,Recreativo,2-1
Ath Bilbao,La Coruna,1-1
Barcelona,Betis,1-1
Celta,Levante,1-2
Getafe,Ath Madrid,1-4
Gimnastic,Sociedad,1-3
Osasuna,Villarreal,1-4
Santander,Mallorca,0-2
Valencia,Zaragoza,2-0
Betis,Gimnastic,1-1
Mallorca,Valencia,0-1
Zaragoza,Ath Bilbao,4-3
Ath Madrid,Barcelona,0-6
Espanol,Getafe,1-5
La Coruna,Sevilla,1-2
Levante,Osasuna,1-4
Recreativo,Real Madrid,2-3
Sociedad,Celta,3-1
Villarreal,Santander,2-1
Barcelona,Getafe,1-0
Real Madrid,La Coruna,3-1
Valencia,Villarreal,2-3
Ath Bilbao,Mallorca,1-0
Celta,Betis,2-1
Gimnastic,Ath Madrid,0-2
Osasuna,Sociedad,2-0
Recreativo,Espanol,0-1
Santander,Levante,2-3
Sevilla,Zaragoza,3-1
Ath Madrid,Celta,2-3
Barcelona,Espanol,2-2
Betis,Osasuna,0-5
Levante,Valencia,4-2
Mallorca,Sevilla,0-0
Sociedad,Santander,0-0
Villarreal,Ath Bilbao,3-1
Zaragoza,Real Madrid,2-2
Getafe,Gimnastic,0-1
La Coruna,Recreativo,2-5
Ath Bilbao,Levante,2-0
Celta,Getafe,2-1
Espanol,La Coruna,1-3
Gimnastic,Barcelona,1-5
Osasuna,Ath Madrid,1-2
Real Madrid,Mallorca,3-1
Recreativo,Zaragoza,1-1
Santander,Betis,0-2
Sevilla,Villarreal,0-1
Valencia,Sociedad,3-3
Real Madrid,Ath Madrid,2-1
Sevilla,Getafe,4-1
Ath Bilbao,Osasuna,0-0
Espanol,Valladolid,0-1
La Coruna,Almeria,0-3
Mallorca,Levante,3-0
Murcia,Zaragoza,2-1
Recreativo,Betis,1-1
Santander,Barcelona,0-0
Valencia,Villarreal,0-3
Levante,Murcia,0-0
Zaragoza,Santander,1-1
Almeria,Valencia,1-2
Ath Madrid,Mallorca,1-1
Barcelona,Ath Bilbao,3-1
Betis,Espanol,2-2
Getafe,Recreativo,1-1
Valladolid,La Coruna,2-2
Villarreal,Real Madrid,0-5
Ath Bilbao,Zaragoza,1-1
Real Madrid,Almeria,3-1
Valencia,Valladolid,2-1
Espanol,Getafe,1-0
La Coruna,Betis,1-0
Mallorca,Villarreal,0-1
Murcia,Ath Madrid,1-1
Osasuna,Barcelona,0-0
Santander,Levante,1-0
Sevilla,Recreativo,4-1
Barcelona,Sevilla,2-1
Recreativo,Espanol,2-1
Almeria,Mallorca,1-1
Ath Madrid,Santander,4-0
Betis,Valencia,1-2
Getafe,La Coruna,0-0
Levante,Ath Bilbao,1-2
Valladolid,Real Madrid,1-1
Villarreal,Murcia,2-0
Zaragoza,Osasuna,2-1
Sevilla,Espanol,2-3
Ath Bilbao,Ath Madrid,0-2
Barcelona,Zaragoza,4-1
La Coruna,Recreativo,0-2
Mallorca,Valladolid,4-2
Murcia,Almeria,0-1
Osasuna,Levante,4-1
Santander,Villarreal,0-2
Valencia,Getafe,2-1
Real Madrid,Betis,2-0
Levante,Barcelona,1-4
Zaragoza,Sevilla,2-0
Almeria,Santander,0-1
Ath Madrid,Osasuna,2-0
Betis,Mallorca,3-0
Espanol,La Coruna,1-0
Getafe,Real Madrid,0-1
Recreativo,Valencia,0-1
Valladolid,Murcia,1-4
Villarreal,Ath Bilbao,1-0
Valencia,Espanol,1-2
Ath Bilbao,Almeria,1-1
Barcelona,Ath Madrid,3-0
Mallorca,Getafe,4-2
Murcia,Betis,0-0
Osasuna,Villarreal,3-2
Real Madrid,Recreativo,2-0
Santander,Valladolid,2-0
Sevilla,La Coruna,0-1
Zaragoza,Levante,3-0
Espanol,Real Madrid,2-1
La Coruna,Valencia,2-4
Levante,Sevilla,0-2
Villarreal,Barcelona,3-1
Almeria,Osasuna,2-0
Ath Madrid,Zaragoza,4-0
Betis,Santander,1-1
Getafe,Murcia,2-0
Recreativo,Mallorca,0-2
Valladolid,Ath Bilbao,1-2
Ath Bilbao,Betis,0-0
Mallorca,Espanol,2-2
Real Madrid,La Coruna,3-1
Barcelona,Almeria,2-0
Levante,Ath Madrid,0-1
Murcia,Recreativo,1-0
Osasuna,Valladolid,2-2
Santander,Getafe,2-0
Sevilla,Valencia,3-0
Zaragoza,Villarreal,4-1
Almeria,Zaragoza,0-1
Ath Madrid,Sevilla,4-3
Betis,Osasuna,0-3
Getafe,Ath Bilbao,2-0
La Coruna,Mallorca,1-1
Recreativo,Santander,0-0
Valencia,Real Madrid,1-5
Villarreal,Levante,3-0
Espanol,Murcia,0-0
Valladolid,Barcelona,1-1
Mallorca,Valencia,0-2
Sevilla,Real Madrid,2-0
Ath Bilbao,Recreativo,2-0
Ath Madrid,Villarreal,3-4
Barcelona,Betis,3-0
Levante,Almeria,3-0
Murcia,La Coruna,0-2
Osasuna,Getafe,0-2
Santander,Espanol,1-1
Zaragoza,Valladolid,2-3
Getafe,Barcelona,2-0
Valencia,Murcia,3-0
Almeria,Ath Madrid,0-0
Betis,Zaragoza,2-1
Espanol,Ath Bilbao,2-1
La Coruna,Santander,0-1
Real Madrid,Mallorca,4-3
Recreativo,Osasuna,1-0
Valladolid,Levante,1-0
Villarreal,Sevilla,3-2
Barcelona,Recreativo,3-0
Murcia,Real Madrid,1-1
Sevilla,Mallorca,1-2
Ath Bilbao,La Coruna,2-2
Ath Madrid,Valladolid,4-3
Levante,Betis,4-3
Osasuna,Espanol,1-2
Santander,Valencia,1-0
Villarreal,Almeria,1-1
Zaragoza,Getafe,1-1
Almeria,Sevilla,1-0
Espanol,Barcelona,1-1
Real Madrid,Santander,3-1
Betis,Ath Madrid,0-2
Getafe,Levante,2-1
La Coruna,Osasuna,1-2
Mallorca,Murcia,1-1
Recreativo,Zaragoza,2-1
Valencia,Ath Bilbao,0-3
Valladolid,Villarreal,2-0
Osasuna,Sevilla,1-1
Ath Bilbao,Real Madrid,0-1
Osasuna,Valencia,0-0
Almeria,Valladolid,1-0
Ath Madrid,Getafe,1-0
Barcelona,La Coruna,2-1
Levante,Recreativo,0-2
Santander,Mallorca,3-1
Sevilla,Murcia,3-1
Villarreal,Betis,0-1
Zaragoza,Espanol,3-3
Espanol,Levante,1-0
Valencia,Barcelona,0-3
Betis,Almeria,3-1
Getafe,Villarreal,1-3
La Coruna,Zaragoza,1-1
Mallorca,Ath Bilbao,0-0
Murcia,Santander,2-1
Real Madrid,Osasuna,2-0
Recreativo,Ath Madrid,0-0
Valladolid,Sevilla,0-0
Almeria,Getafe,0-2
Sevilla,Santander,4-1
Zaragoza,Valencia,2-2
Ath Bilbao,Murcia,1-1
Ath Madrid,Espanol,1-2
Barcelona,Real Madrid,0-1
Levante,La Coruna,0-1
Osasuna,Mallorca,3-1
Valladolid,Betis,0-0
Villarreal,Recreativo,1-1
Espanol,Villarreal,3-0
Mallorca,Barcelona,0-2
Getafe,Valladolid,0-3
La Coruna,Ath Madrid,0-3
Murcia,Osasuna,2-0
Real Madrid,Zaragoza,2-0
Recreativo,Almeria,1-1
Santander,Ath Bilbao,1-0
Sevilla,Betis,3-0
Valencia,Levante,0-0
Ath Bilbao,Sevilla,2-0
Barcelona,Murcia,4-0
Almeria,Espanol,1-0
Ath Madrid,Valencia,1-0
Betis,Getafe,3-2
Levante,Real Madrid,0-2
Osasuna,Santander,0-2
Valladolid,Recreativo,3-1
Villarreal,La Coruna,4-3
Zaragoza,Mallorca,2-2
Getafe,Sevilla,3-2
Villarreal,Valencia,3-0
Almeria,La Coruna,1-0
Ath Madrid,Real Madrid,0-2
Barcelona,Santander,1-0
Betis,Recreativo,1-1
Levante,Mallorca,2-2
Osasuna,Ath Bilbao,2-0
Valladolid,Espanol,2-1
Zaragoza,Murcia,3-1
Sevilla,Osasuna,2-1
Ath Bilbao,Barcelona,1-1
Espanol,Betis,1-2
La Coruna,Valladolid,3-1
Mallorca,Ath Madrid,1-0
Murcia,Levante,2-3
Real Madrid,Villarreal,3-2
Recreativo,Getafe,1-3
Santander,Zaragoza,2-2
Valencia,Almeria,0-1
Almeria,Real Madrid,2-0
Betis,La Coruna,0-1
Ath Madrid,Murcia,1-1
Barcelona,Osasuna,1-0
Getafe,Espanol,0-1
Levante,Santander,1-1
Recreativo,Sevilla,1-2
Valladolid,Valencia,0-2
Villarreal,Mallorca,1-1
Zaragoza,Ath Bilbao,1-0
La Coruna,Getafe,1-1
Murcia,Villarreal,0-1
Sevilla,Barcelona,1-1
Ath Bilbao,Levante,1-0
Espanol,Recreativo,1-2
Mallorca,Almeria,0-0
Osasuna,Zaragoza,1-0
Real Madrid,Valladolid,7-0
Santander,Ath Madrid,0-2
Valencia,Betis,3-1
Betis,Real Madrid,2-1
Espanol,Sevilla,2-4
Zaragoza,Barcelona,1-2
Almeria,Murcia,1-0
Ath Madrid,Ath Bilbao,1-2
Getafe,Valencia,0-0
Levante,Osasuna,2-1
Recreativo,La Coruna,3-2
Valladolid,Mallorca,1-1
Villarreal,Santander,0-0
Sevilla,Zaragoza,5-0
Valencia,Recreativo,1-1
Ath Bilbao,Villarreal,1-2
Barcelona,Levante,5-1
La Coruna,Espanol,2-0
Mallorca,Betis,1-1
Murcia,Valladolid,0-1
Osasuna,Ath Madrid,3-1
Real Madrid,Getafe,0-1
Santander,Almeria,1-0
Ath Madrid,Barcelona,4-2
Espanol,Valencia,2-0
La Coruna,Sevilla,2-1
Recreativo,Real Madrid,2-3
Almeria,Ath Bilbao,1-1
Betis,Murcia,4-0
Getafe,Mallorca,3-3
Levante,Zaragoza,2-1
Valladolid,Santander,0-1
Villarreal,Osasuna,0-0
Real Madrid,Espanol,2-1
Zaragoza,Ath Madrid,2-1
Ath Bilbao,Valladolid,2-0
Barcelona,Villarreal,1-2
Mallorca,Recreativo,7-1
Murcia,Getafe,0-3
Osasuna,Almeria,2-1
Santander,Betis,3-0
Sevilla,Levante,2-1
Valencia,La Coruna,2-2
Betis,Ath Bilbao,1-2
La Coruna,Real Madrid,1-0
Recreativo,Murcia,4-2
Valencia,Sevilla,1-2
Almeria,Barcelona,2-2
Ath Madrid,Levante,3-0
Espanol,Mallorca,2-1
Getafe,Santander,2-1
Valladolid,Osasuna,0-0
Villarreal,Zaragoza,2-0
Mallorca,La Coruna,1-0
Sevilla,Ath Madrid,1-2
Ath Bilbao,Getafe,1-0
Barcelona,Valladolid,4-1
Levante,Villarreal,1-2
Murcia,Espanol,4-0
Osasuna,Betis,0-1
Real Madrid,Valencia,2-3
Santander,Recreativo,2-0
Zaragoza,Almeria,1-1
Betis,Barcelona,3-2
Villarreal,Ath Madrid,3-0
Almeria,Levante,2-1
Espanol,Santander,0-3
Getafe,Osasuna,0-2
La Coruna,Murcia,3-1
Real Madrid,Sevilla,3-1
Recreativo,Ath Bilbao,1-1
Valencia,Mallorca,0-3
Valladolid,Zaragoza,2-1
Mallorca,Real Madrid,1-1
Osasuna,Recreativo,0-1
Ath Bilbao,Espanol,1-0
Ath Madrid,Almeria,6-3
Barcelona,Getafe,0-0
Levante,Valladolid,0-3
Murcia,Valencia,1-0
Santander,La Coruna,1-3
Sevilla,Villarreal,2-0
Zaragoza,Betis,0-3
Recreativo,Barcelona,2-2
Valencia,Santander,1-2
Almeria,Villarreal,1-0
Betis,Levante,0-1
Espanol,Osasuna,0-1
Getafe,Zaragoza,0-0
La Coruna,Ath Bilbao,3-0
Mallorca,Sevilla,2-3
Real Madrid,Murcia,1-0
Valladolid,Ath Madrid,1-1
Ath Madrid,Betis,1-3
Barcelona,Espanol,0-0
Sevilla,Almeria,1-4
Zaragoza,Recreativo,3-0
Ath Bilbao,Valencia,5-1
Levante,Getafe,3-1
Murcia,Mallorca,1-4
Osasuna,La Coruna,0-1
Santander,Real Madrid,0-2
Villarreal,Valladolid,2-0
La Coruna,Barcelona,2-0
Murcia,Sevilla,0-0
Betis,Villarreal,0-1
Espanol,Zaragoza,1-1
Getafe,Ath Madrid,1-1
Mallorca,Santander,3-1
Real Madrid,Ath Bilbao,3-0
Recreativo,Levante,2-0
Valencia,Osasuna,3-0
Valladolid,Almeria,1-0
Ath Madrid,Recreativo,3-0
Zaragoza,La Coruna,1-0
Almeria,Betis,1-1
Ath Bilbao,Mallorca,1-2
Barcelona,Valencia,6-0
Levante,Espanol,1-1
Osasuna,Real Madrid,1-2
Santander,Murcia,3-2
Sevilla,Valladolid,2-0
Villarreal,Getafe,2-0
Betis,Valladolid,1-1
Getafe,Almeria,4-2
La Coruna,Levante,1-0
Mallorca,Osasuna,2-1
Murcia,Ath Bilbao,1-2
Real Madrid,Barcelona,4-1
Recreativo,Villarreal,0-2
Santander,Sevilla,0-3
Valencia,Zaragoza,1-0
Espanol,Ath Madrid,0-2
Almeria,Recreativo,0-2
Ath Bilbao,Santander,0-0
Ath Madrid,La Coruna,1-0
Barcelona,Mallorca,2-3
Betis,Sevilla,0-2
Levante,Valencia,1-5
Osasuna,Murcia,2-1
Valladolid,Getafe,0-0
Villarreal,Espanol,2-0
Zaragoza,Real Madrid,2-2
Murcia,Barcelona,3-5
Espanol,Almeria,1-3
Getafe,Betis,1-1
La Coruna,Villarreal,0-2
Mallorca,Zaragoza,3-2
Real Madrid,Levante,5-2
Recreativo,Valladolid,1-1
Santander,Osasuna,1-0
Sevilla,Ath Bilbao,4-1
Valencia,Ath Madrid,3-1
Espanol,Valladolid,1-0
Valencia,Mallorca,3-0
Ath Bilbao,Almeria,1-3
Ath Madrid,Malaga,4-0
Betis,Recreativo,0-1
La Coruna,Real Madrid,2-1
Numancia,Barcelona,1-0
Osasuna,Villarreal,1-1
Santander,Sevilla,1-1
Sp Gijon,Getafe,1-2
Barcelona,Santander,1-1
Valladolid,Ath Madrid,2-1
Almeria,Valencia,2-2
Getafe,Betis,0-0
Malaga,Ath Bilbao,0-0
Mallorca,Osasuna,1-1
Real Madrid,Numancia,4-3
Recreativo,Espanol,0-1
Sevilla,Sp Gijon,4-3
Villarreal,La Coruna,1-0
Ath Madrid,Recreativo,4-0
Espanol,Getafe,1-1
Almeria,Malaga,1-0
Ath Bilbao,Valladolid,2-0
Betis,Sevilla,0-0
La Coruna,Mallorca,0-0
Numancia,Villarreal,1-2
Santander,Real Madrid,0-2
Sp Gijon,Barcelona,1-6
Valencia,Osasuna,1-0
Barcelona,Betis,3-2
Getafe,Ath Madrid,1-2
Osasuna,La Coruna,0-0
Real Madrid,Sp Gijon,7-1
Sevilla,Espanol,2-0
Villarreal,Santander,2-0
Malaga,Valencia,0-2
Mallorca,Numancia,2-0
Recreativo,Ath Bilbao,1-1
Valladolid,Almeria,2-0
Betis,Real Madrid,1-2
Espanol,Barcelona,1-2
Sp Gijon,Villarreal,0-1
Almeria,Recreativo,1-0
Ath Bilbao,Getafe,0-1
Ath Madrid,Sevilla,0-1
Malaga,Valladolid,2-1
Numancia,Osasuna,0-0
Santander,Mallorca,1-2
Valencia,La Coruna,4-2
Barcelona,Ath Madrid,6-1
Villarreal,Betis,2-1
Getafe,Almeria,2-2
La Coruna,Numancia,1-0
Mallorca,Sp Gijon,0-2
Osasuna,Santander,0-1
Real Madrid,Espanol,2-2
Recreativo,Malaga,0-4
Sevilla,Ath Bilbao,4-0
Valladolid,Valencia,0-1
Ath Madrid,Real Madrid,1-2
Espanol,Villarreal,0-0
Almeria,Sevilla,0-1
Ath Bilbao,Barcelona,0-1
Betis,Mallorca,3-0
Malaga,Getafe,2-1
Santander,La Coruna,0-0
Sp Gijon,Osasuna,2-1
Valencia,Numancia,4-0
Valladolid,Recreativo,1-1
Barcelona,Almeria,5-0
Osasuna,Betis,0-2
Getafe,Valladolid,1-0
La Coruna,Sp Gijon,0-3
Mallorca,Espanol,3-0
Numancia,Santander,2-1
Real Madrid,Ath Bilbao,3-2
Recreativo,Valencia,1-1
Sevilla,Malaga,0-1
Villarreal,Ath Madrid,4-4
Ath Bilbao,Villarreal,1-4
Ath Madrid,Mallorca,2-0
Malaga,Barcelona,1-4
Valencia,Santander,2-4
Almeria,Real Madrid,1-1
Betis,La Coruna,0-3
Espanol,Osasuna,1-0
Recreativo,Getafe,1-1
Sp Gijon,Numancia,3-1
Valladolid,Sevilla,3-2
Barcelona,Valladolid,6-0
Real Madrid,Malaga,4-3
Getafe,Valencia,0-3
La Coruna,Espanol,1-0
Mallorca,Ath Bilbao,3-3
Numancia,Betis,2-4
Osasuna,Ath Madrid,0-0
Santander,Sp Gijon,1-0
Sevilla,Recreativo,1-0
Villarreal,Almeria,2-1
Valencia,Sp Gijon,2-3
Valladolid,Real Madrid,1-0
Almeria,Mallorca,2-1
Ath Bilbao,Osasuna,2-0
Ath Madrid,La Coruna,4-1
Betis,Santander,3-1
Espanol,Numancia,3-4
Getafe,Sevilla,0-2
Malaga,Villarreal,2-2
Recreativo,Barcelona,0-2
Real Madrid,Recreativo,1-0
Sevilla,Valencia,0-0
Villarreal,Valladolid,0-3
Barcelona,Getafe,1-1
La Coruna,Ath Bilbao,3-1
Mallorca,Malaga,2-2
Numancia,Ath Madrid,1-1
Osasuna,Almeria,3-1
Santander,Espanol,3-0
Sp Gijon,Betis,1-2
Getafe,Real Madrid,3-1
Sevilla,Barcelona,0-3
Almeria,La Coruna,0-1
Ath Bilbao,Numancia,2-0
Ath Madrid,Santander,4-1
Espanol,Sp Gijon,0-1
Malaga,Osasuna,4-2
Recreativo,Villarreal,1-2
Valencia,Betis,3-2
Valladolid,Mallorca,3-0
Barcelona,Valencia,4-0
Sp Gijon,Ath Madrid,2-5
Villarreal,Getafe,3-3
Betis,Espanol,1-1
La Coruna,Malaga,2-0
Mallorca,Recreativo,2-3
Numancia,Almeria,2-1
Osasuna,Valladolid,3-3
Real Madrid,Sevilla,3-4
Santander,Ath Bilbao,1-1
Barcelona,Real Madrid,2-0
Valencia,Espanol,2-1
Almeria,Santander,1-1
Ath Bilbao,Sp Gijon,3-0
Ath Madrid,Betis,2-0
Getafe,Mallorca,4-1
Malaga,Numancia,2-0
Recreativo,Osasuna,1-0
Sevilla,Villarreal,1-0
Valladolid,La Coruna,3-0
Espanol,Ath Madrid,2-3
Real Madrid,Valencia,1-0
Betis,Ath Bilbao,0-1
La Coruna,Recreativo,4-1
Mallorca,Sevilla,0-0
Numancia,Valladolid,4-3
Osasuna,Getafe,5-2
Santander,Malaga,1-1
Sp Gijon,Almeria,1-0
Villarreal,Barcelona,1-2
Barcelona,Mallorca,3-1
Valencia,Ath Madrid,3-1
Almeria,Betis,1-0
Ath Bilbao,Espanol,1-1
Getafe,La Coruna,1-2
Malaga,Sp Gijon,1-0
Real Madrid,Villarreal,1-0
Recreativo,Numancia,3-1
Sevilla,Osasuna,1-1
Valladolid,Santander,0-1
La Coruna,Sevilla,1-3
Valencia,Villarreal,3-3
Ath Madrid,Ath Bilbao,2-3
Betis,Malaga,1-2
Espanol,Almeria,2-2
Mallorca,Real Madrid,0-3
Numancia,Getafe,2-0
Osasuna,Barcelona,2-3
Santander,Recreativo,1-1
Sp Gijon,Valladolid,2-1
Barcelona,La Coruna,5-0
Sevilla,Numancia,1-0
Almeria,Ath Madrid,1-1
Ath Bilbao,Valencia,3-2
Getafe,Santander,0-1
Malaga,Espanol,4-0
Real Madrid,Osasuna,3-1
Recreativo,Sp Gijon,2-0
Valladolid,Betis,1-3
Villarreal,Mallorca,2-0
Barcelona,Numancia,4-1
Villarreal,Osasuna,1-1
Almeria,Ath Bilbao,2-1
Getafe,Sp Gijon,5-1
Malaga,Ath Madrid,1-1
Mallorca,Valencia,3-1
Real Madrid,La Coruna,1-0
Recreativo,Betis,1-0
Sevilla,Santander,0-2
Valladolid,Espanol,1-1
Ath Bilbao,Malaga,3-2
Numancia,Real Madrid,0-2
Ath Madrid,Valladolid,1-2
Betis,Getafe,2-2
Espanol,Recreativo,1-1
La Coruna,Villarreal,3-0
Osasuna,Mallorca,1-0
Santander,Barcelona,1-2
Sp Gijon,Sevilla,1-0
Valencia,Almeria,3-2
Real Madrid,Santander,1-0
Sevilla,Betis,1-2
Barcelona,Sp Gijon,3-1
Getafe,Espanol,1-1
Malaga,Almeria,3-2
Mallorca,La Coruna,1-1
Osasuna,Valencia,1-0
Recreativo,Ath Madrid,0-3
Valladolid,Ath Bilbao,2-1
Villarreal,Numancia,2-1
Betis,Barcelona,2-2
La Coruna,Osasuna,0-0
Valencia,Malaga,1-1
Almeria,Valladolid,3-2
Ath Bilbao,Recreativo,1-1
Ath Madrid,Getafe,1-1
Espanol,Sevilla,0-2
Numancia,Mallorca,0-1
Santander,Villarreal,1-1
Sp Gijon,Real Madrid,0-4
Barcelona,Espanol,1-2
Real Madrid,Betis,6-1
Sevilla,Ath Madrid,1-0
Villarreal,Sp Gijon,2-1
Getafe,Ath Bilbao,1-1
La Coruna,Valencia,1-1
Mallorca,Santander,1-0
Osasuna,Numancia,2-0
Recreativo,Almeria,1-1
Valladolid,Malaga,1-3
Ath Bilbao,Sevilla,1-2
Espanol,Real Madrid,0-2
Almeria,Getafe,2-1
Ath Madrid,Barcelona,4-3
Betis,Villarreal,2-2
Malaga,Recreativo,0-2
Numancia,La Coruna,0-1
Santander,Osasuna,1-1
Sp Gijon,Mallorca,0-1
Valencia,Valladolid,1-2
Barcelona,Ath Bilbao,2-0
Real Madrid,Ath Madrid,1-1
Villarreal,Espanol,1-0
Getafe,Malaga,1-2
La Coruna,Santander,5-3
Mallorca,Betis,3-3
Numancia,Valencia,2-1
Osasuna,Sp Gijon,1-2
Recreativo,Valladolid,2-3
Sevilla,Almeria,2-1
Ath Bilbao,Real Madrid,2-5
Valencia,Recreativo,1-1
Almeria,Barcelona,0-2
Ath Madrid,Villarreal,3-2
Betis,Osasuna,0-0
Espanol,Mallorca,3-3
Malaga,Sevilla,2-2
Santander,Numancia,5-0
Sp Gijon,La Coruna,3-2
Valladolid,Getafe,1-0
Sevilla,Valladolid,4-1
Villarreal,Ath Bilbao,2-0
Barcelona,Malaga,6-0
Getafe,Recreativo,2-1
La Coruna,Betis,1-1
Mallorca,Ath Madrid,2-0
Numancia,Sp Gijon,2-1
Osasuna,Espanol,1-0
Real Madrid,Almeria,3-0
Santander,Valencia,0-1
Almeria,Villarreal,3-0
Ath Bilbao,Mallorca,2-1
Betis,Numancia,3-3
Malaga,Real Madrid,0-1
Recreativo,Sevilla,0-1
Valladolid,Barcelona,0-1
Ath Madrid,Osasuna,2-4
Espanol,La Coruna,3-1
Sp Gijon,Santander,0-2
Valencia,Getafe,4-1
Barcelona,Recreativo,2-0
Villarreal,Malaga,0-2
La Coruna,Ath Madrid,1-2
Mallorca,Almeria,2-0
Numancia,Espanol,0-0
Osasuna,Ath Bilbao,2-1
Real Madrid,Valladolid,2-0
Santander,Betis,2-3
Sevilla,Getafe,0-1
Sp Gijon,Valencia,2-3
Ath Bilbao,La Coruna,0-1
Ath Madrid,Numancia,3-0
Getafe,Barcelona,0-1
Malaga,Mallorca,1-1
Recreativo,Real Madrid,0-1
Almeria,Osasuna,2-1
Betis,Sp Gijon,2-0
Espanol,Santander,1-0
Valencia,Sevilla,3-1
Valladolid,Villarreal,0-0
Numancia,Ath Bilbao,1-2
Real Madrid,Getafe,3-2
Barcelona,Sevilla,4-0
Betis,Valencia,1-2
La Coruna,Almeria,2-0
Osasuna,Malaga,2-3
Mallorca,Valladolid,2-0
Santander,Ath Madrid,5-1
Sp Gijon,Espanol,0-3
Villarreal,Recreativo,2-1
Almeria,Numancia,2-1
Malaga,La Coruna,1-1
Valencia,Barcelona,2-2
Ath Bilbao,Santander,2-1
Ath Madrid,Sp Gijon,3-1
Espanol,Betis,2-0
Getafe,Villarreal,1-2
Recreativo,Mallorca,2-4
Sevilla,Real Madrid,2-4
Valladolid,Osasuna,0-0
Numancia,Malaga,2-0
Real Madrid,Barcelona,2-6
Villarreal,Sevilla,0-2
Betis,Ath Madrid,0-2
Espanol,Valencia,3-0
La Coruna,Valladolid,1-0
Mallorca,Getafe,2-1
Osasuna,Recreativo,1-2
Santander,Almeria,0-2
Sp Gijon,Ath Bilbao,1-1
Ath Bilbao,Betis,1-0
Sevilla,Mallorca,3-1
Valencia,Real Madrid,3-0
Almeria,Sp Gijon,3-1
Ath Madrid,Espanol,3-2
Barcelona,Villarreal,3-3
Getafe,Osasuna,3-0
Malaga,Santander,1-0
Recreativo,La Coruna,1-2
Valladolid,Numancia,0-0
La Coruna,Getafe,1-1
Osasuna,Sevilla,0-0
Villarreal,Real Madrid,3-2
Ath Madrid,Valencia,1-0
Betis,Almeria,2-0
Espanol,Ath Bilbao,1-0
Mallorca,Barcelona,2-1
Numancia,Recreativo,1-0
Santander,Valladolid,3-2
Sp Gijon,Malaga,2-1
Almeria,Espanol,0-3
Ath Bilbao,Ath Madrid,1-4
Barcelona,Osasuna,0-1
Getafe,Numancia,1-0
Malaga,Betis,1-1
Recreativo,Santander,0-1
Sevilla,La Coruna,1-0
Valladolid,Sp Gijon,1-2
Villarreal,Valencia,3-1
Real Madrid,Mallorca,1-3
Ath Madrid,Almeria,3-0
La Coruna,Barcelona,1-1
Mallorca,Villarreal,2-3
Valencia,Ath Bilbao,2-0
Betis,Valladolid,1-1
Espanol,Malaga,3-0
Numancia,Sevilla,0-2
Osasuna,Real Madrid,2-1
Santander,Getafe,1-1
Sp Gijon,Recreativo,2-1
Real Madrid,La Coruna,3-2
Zaragoza,Tenerife,1-0
Almeria,Valladolid,0-0
Ath Bilbao,Espanol,1-0
Malaga,Ath Madrid,3-0
Mallorca,Xerez,2-0
Osasuna,Villarreal,1-1
Santander,Getafe,1-4
Valencia,Sevilla,2-0
Barcelona,Sp Gijon,3-0
Ath Madrid,Santander,1-1
Espanol,Real Madrid,0-3
Getafe,Barcelona,0-2
Sevilla,Zaragoza,4-1
La Coruna,Malaga,1-0
Sp Gijon,Almeria,1-0
Tenerife,Osasuna,2-1
Valladolid,Valencia,2-4
Villarreal,Mallorca,1-1
Xerez,Ath Bilbao,0-1
Barcelona,Ath Madrid,5-2
La Coruna,Espanol,2-3
Malaga,Santander,1-2
Mallorca,Tenerife,4-0
Osasuna,Sevilla,0-2
Almeria,Getafe,1-0
Ath Bilbao,Villarreal,3-2
Real Madrid,Xerez,5-0
Valencia,Sp Gijon,2-2
Zaragoza,Valladolid,1-2
Santander,Barcelona,1-4
Sevilla,Mallorca,2-0
Ath Madrid,Almeria,2-2
Espanol,Malaga,2-1
Getafe,Valencia,3-1
Tenerife,Ath Bilbao,1-0
Valladolid,Osasuna,1-2
Villarreal,Real Madrid,0-2
Xerez,La Coruna,0-3
Sp Gijon,Zaragoza,1-1
Ath Bilbao,Sevilla,0-4
Malaga,Barcelona,0-2
Real Madrid,Tenerife,3-0
Valencia,Ath Madrid,2-2
Almeria,Santander,2-2
Espanol,Xerez,0-0
La Coruna,Villarreal,1-0
Mallorca,Valladolid,3-0
Osasuna,Sp Gijon,1-0
Zaragoza,Getafe,3-0
Ath Madrid,Zaragoza,2-1
Barcelona,Almeria,1-0
Tenerife,La Coruna,0-1
Getafe,Osasuna,2-1
Santander,Valencia,0-1
Sevilla,Real Madrid,2-1
Sp Gijon,Mallorca,4-1
Valladolid,Ath Bilbao,2-2
Villarreal,Espanol,0-0
Xerez,Malaga,1-1
La Coruna,Sevilla,1-0
Real Madrid,Valladolid,4-2
Valencia,Barcelona,0-0
Ath Bilbao,Sp Gijon,1-2
Espanol,Tenerife,2-1
Malaga,Almeria,1-2
Mallorca,Getafe,3-1
Osasuna,Ath Madrid,3-0
Xerez,Villarreal,2-1
Zaragoza,Santander,2-2
Ath Madrid,Mallorca,1-1
Sevilla,Espanol,0-0
Sp Gijon,Real Madrid,0-0
Almeria,Valencia,0-3
Barcelona,Zaragoza,6-1
Getafe,Ath Bilbao,2-0
Santander,Osasuna,1-1
Tenerife,Xerez,1-0
Valladolid,La Coruna,4-0
Villarreal,Malaga,2-1
Ath Bilbao,Ath Madrid,1-0
Osasuna,Barcelona,1-1
Real Madrid,Getafe,2-0
Xerez,Sevilla,0-2
Espanol,Valladolid,1-1
La Coruna,Sp Gijon,1-1
Malaga,Valencia,0-1
Mallorca,Santander,1-0
Villarreal,Tenerife,5-0
Zaragoza,Almeria,2-1
Ath Madrid,Real Madrid,2-3
Barcelona,Mallorca,4-2
Getafe,La Coruna,0-2
Tenerife,Malaga,2-2
Almeria,Osasuna,2-0
Santander,Ath Bilbao,0-2
Sevilla,Villarreal,3-2
Sp Gijon,Espanol,1-0
Valencia,Zaragoza,3-1
Valladolid,Xerez,0-0
Ath Bilbao,Barcelona,1-1
La Coruna,Ath Madrid,2-1
Real Madrid,Santander,1-0
Tenerife,Sevilla,1-2
Espanol,Getafe,0-2
Malaga,Zaragoza,1-1
Mallorca,Almeria,3-1
Osasuna,Valencia,1-3
Villarreal,Valladolid,3-1
Xerez,Sp Gijon,0-0
Sevilla,Malaga,2-2
Sp Gijon,Villarreal,1-0
Valencia,Mallorca,1-1
Almeria,Ath Bilbao,1-4
Ath Madrid,Espanol,4-0
Barcelona,Real Madrid,1-0
Getafe,Xerez,5-1
Santander,La Coruna,0-1
Valladolid,Tenerife,3-3
Zaragoza,Osasuna,0-1
Xerez,Barcelona,0-2
La Coruna,Barcelona,1-3
Real Madrid,Almeria,4-2
Sevilla,Valladolid,1-1
Xerez,Ath Madrid,0-2
Ath Bilbao,Valencia,1-2
Espanol,Santander,0-4
Malaga,Osasuna,1-1
Mallorca,Zaragoza,4-1
Tenerife,Sp Gijon,2-1
Villarreal,Getafe,3-2
Barcelona,Espanol,1-0
Valencia,Real Madrid,2-3
Zaragoza,Ath Bilbao,1-2
Almeria,La Coruna,1-1
Ath Madrid,Villarreal,1-2
Getafe,Tenerife,2-1
Osasuna,Mallorca,0-1
Santander,Xerez,3-2
Sp Gijon,Sevilla,0-1
Valladolid,Malaga,1-1
Ath Bilbao,Osasuna,2-0
Real Madrid,Zaragoza,6-0
Sevilla,Getafe,1-2
Espanol,Almeria,2-0
La Coruna,Valencia,0-0
Malaga,Mallorca,2-1
Tenerife,Ath Madrid,1-1
Valladolid,Sp Gijon,2-1
Villarreal,Santander,2-0
Ath Madrid,Sevilla,2-1
Barcelona,Villarreal,1-1
Valencia,Espanol,1-0
Almeria,Xerez,1-0
Getafe,Valladolid,1-0
Mallorca,Ath Bilbao,2-0
Osasuna,Real Madrid,0-0
Santander,Tenerife,2-0
Sp Gijon,Malaga,2-2
Zaragoza,La Coruna,0-0
Sevilla,Santander,1-2
Valladolid,Ath Madrid,0-4
Villarreal,Almeria,1-1
Espanol,Zaragoza,2-1
La Coruna,Osasuna,1-0
Malaga,Ath Bilbao,1-1
Real Madrid,Mallorca,2-0
Sp Gijon,Getafe,1-0
Tenerife,Barcelona,0-5
Xerez,Valencia,1-3
Ath Bilbao,Real Madrid,1-0
Barcelona,Sevilla,4-0
Osasuna,Espanol,2-0
Almeria,Tenerife,1-1
Ath Madrid,Sp Gijon,3-2
Malaga,Getafe,1-0
Mallorca,La Coruna,2-0
Santander,Valladolid,1-1
Valencia,Villarreal,4-1
Zaragoza,Xerez,0-0
La Coruna,Ath Bilbao,3-1
Sevilla,Almeria,1-0
Valladolid,Barcelona,0-3
Espanol,Mallorca,1-1
Getafe,Ath Madrid,1-0
Real Madrid,Malaga,2-0
Sp Gijon,Santander,0-1
Tenerife,Valencia,0-0
Villarreal,Zaragoza,4-2
Xerez,Osasuna,1-2
Espanol,Ath Bilbao,1-0
La Coruna,Real Madrid,1-3
Sp Gijon,Barcelona,0-1
Ath Madrid,Malaga,0-2
Getafe,Santander,0-0
Sevilla,Valencia,2-1
Tenerife,Zaragoza,1-3
Valladolid,Almeria,1-1
Villarreal,Osasuna,0-2
Xerez,Mallorca,2-1
Barcelona,Getafe,2-1
Real Madrid,Espanol,3-0
Valencia,Valladolid,2-0
Almeria,Sp Gijon,3-1
Ath Bilbao,Xerez,3-2
Malaga,La Coruna,0-0
Mallorca,Villarreal,1-0
Osasuna,Tenerife,1-0
Santander,Ath Madrid,1-1
Zaragoza,Sevilla,2-1
Sp Gijon,Valencia,1-1
Villarreal,Ath Bilbao,2-1
Xerez,Real Madrid,0-3
Ath Madrid,Barcelona,2-1
Espanol,La Coruna,2-0
Getafe,Almeria,2-2
Santander,Malaga,0-3
Sevilla,Osasuna,1-0
Valladolid,Zaragoza,1-1
Tenerife,Mallorca,1-0
Barcelona,Santander,4-0
La Coruna,Xerez,2-1
Mallorca,Sevilla,1-3
Almeria,Ath Madrid,1-0
Ath Bilbao,Tenerife,4-1
Malaga,Espanol,2-1
Osasuna,Valladolid,1-1
Real Madrid,Villarreal,6-2
Zaragoza,Sp Gijon,1-3
Valencia,Getafe,2-1
Barcelona,Malaga,2-1
Getafe,Zaragoza,0-2
Tenerife,Real Madrid,1-5
Ath Madrid,Valencia,4-1
Santander,Almeria,0-2
Sevilla,Ath Bilbao,0-0
Sp Gijon,Osasuna,3-2
Valladolid,Mallorca,1-2
Villarreal,La Coruna,1-0
Xerez,Espanol,1-1
Almeria,Barcelona,2-2
La Coruna,Tenerife,3-1
Real Madrid,Sevilla,3-2
Ath Bilbao,Valladolid,2-0
Espanol,Villarreal,0-0
Malaga,Xerez,2-4
Mallorca,Sp Gijon,3-0
Osasuna,Getafe,0-0
Zaragoza,Ath Madrid,1-1
Valencia,Santander,0-0
Getafe,Mallorca,3-0
Sevilla,La Coruna,1-1
Sp Gijon,Ath Bilbao,0-0
Almeria,Malaga,1-0
Barcelona,Valencia,3-0
Santander,Zaragoza,0-0
Tenerife,Espanol,4-1
Valladolid,Real Madrid,1-4
Villarreal,Xerez,2-0
Ath Madrid,Osasuna,1-0
Ath Bilbao,Getafe,2-2
Espanol,Sevilla,2-0
La Coruna,Valladolid,0-2
Real Madrid,Sp Gijon,3-1
Xerez,Tenerife,2-1
Malaga,Villarreal,2-0
Mallorca,Ath Madrid,4-1
Osasuna,Santander,1-3
Valencia,Almeria,2-0
Zaragoza,Barcelona,2-4
Sevilla,Xerez,1-1
Sp Gijon,La Coruna,2-1
Almeria,Zaragoza,1-0
Barcelona,Osasuna,2-0
Santander,Mallorca,0-0
Tenerife,Villarreal,2-2
Valencia,Malaga,1-0
Valladolid,Espanol,0-0
Ath Madrid,Ath Bilbao,2-0
Getafe,Real Madrid,2-4
Malaga,Tenerife,1-1
Mallorca,Barcelona,0-1
Zaragoza,Valencia,3-0
Espanol,Sp Gijon,0-0
La Coruna,Getafe,1-3
Osasuna,Almeria,1-0
Real Madrid,Ath Madrid,3-2
Villarreal,Sevilla,3-0
Xerez,Valladolid,3-0
Ath Bilbao,Santander,4-3
Barcelona,Ath Bilbao,4-1
Sevilla,Tenerife,3-0
Zaragoza,Malaga,2-0
Almeria,Mallorca,1-1
Ath Madrid,La Coruna,3-0
Getafe,Espanol,1-1
Santander,Real Madrid,0-2
Sp Gijon,Xerez,2-2
Valencia,Osasuna,3-0
Valladolid,Villarreal,0-2
Malaga,Sevilla,1-2
Real Madrid,Barcelona,0-2
Tenerife,Valladolid,0-0
Villarreal,Sp Gijon,1-0
Xerez,Getafe,0-1
Ath Bilbao,Almeria,4-1
Espanol,Ath Madrid,3-0
La Coruna,Santander,1-1
Mallorca,Valencia,3-2
Osasuna,Zaragoza,2-0
Getafe,Villarreal,3-0
Sp Gijon,Tenerife,0-2
Valladolid,Sevilla,2-1
Ath Madrid,Xerez,1-2
Barcelona,La Coruna,3-0
Osasuna,Malaga,2-2
Santander,Espanol,3-1
Zaragoza,Mallorca,1-1
Almeria,Real Madrid,1-2
Valencia,Ath Bilbao,2-0
Espanol,Barcelona,0-0
Sevilla,Sp Gijon,3-0
Villarreal,Ath Madrid,2-1
Ath Bilbao,Zaragoza,0-0
La Coruna,Almeria,0-0
Malaga,Valladolid,0-0
Real Madrid,Valencia,2-0
Tenerife,Getafe,3-2
Xerez,Santander,2-2
Mallorca,Osasuna,2-0
Barcelona,Xerez,3-1
Valencia,La Coruna,1-0
Zaragoza,Real Madrid,1-2
Almeria,Espanol,0-1
Ath Madrid,Tenerife,3-1
Getafe,Sevilla,4-3
Mallorca,Malaga,1-1
Santander,Villarreal,1-2
Sp Gijon,Valladolid,0-2
Osasuna,Ath Bilbao,0-0
Espanol,Valencia,0-2
La Coruna,Zaragoza,0-1
Malaga,Sp Gijon,1-1
Tenerife,Santander,2-1
Valladolid,Getafe,0-0
Villarreal,Barcelona,1-4
Xerez,Almeria,2-1
Ath Bilbao,Mallorca,1-3
Real Madrid,Osasuna,3-2
Sevilla,Ath Madrid,3-1
Almeria,Villarreal,4-2
Barcelona,Tenerife,4-1
Getafe,Sp Gijon,1-1
Valencia,Xerez,3-1
Ath Bilbao,Malaga,1-1
Ath Madrid,Valladolid,3-1
Mallorca,Real Madrid,1-4
Osasuna,La Coruna,3-1
Santander,Sevilla,1-5
Zaragoza,Espanol,1-0
Espanol,Osasuna,2-1
Getafe,Malaga,2-1
La Coruna,Mallorca,1-0
Real Madrid,Ath Bilbao,5-1
Sevilla,Barcelona,2-3
Sp Gijon,Ath Madrid,1-1
Tenerife,Almeria,2-2
Valladolid,Santander,2-1
Villarreal,Valencia,2-0
Xerez,Zaragoza,3-2
Almeria,Sevilla,2-3
Ath Bilbao,La Coruna,2-0
Ath Madrid,Getafe,0-3
Mallorca,Espanol,2-0
Zaragoza,Villarreal,3-3
Barcelona,Valladolid,4-0
Malaga,Real Madrid,1-1
Osasuna,Xerez,1-1
Santander,Sp Gijon,2-0
Valencia,Tenerife,1-0
Hercules,Ath Bilbao,0-1
Levante,Sevilla,1-4
Malaga,Valencia,1-3
Espanol,Getafe,3-1
La Coruna,Zaragoza,0-0
Mallorca,Real Madrid,0-0
Osasuna,Almeria,0-0
Santander,Barcelona,0-3
Sociedad,Villarreal,1-0
Ath Madrid,Sp Gijon,4-0
Ath Bilbao,Ath Madrid,1-2
Barcelona,Hercules,0-2
Real Madrid,Osasuna,1-0
Valencia,Santander,1-0
Getafe,Levante,4-1
Sevilla,La Coruna,0-0
Sp Gijon,Mallorca,2-0
Villarreal,Espanol,4-0
Zaragoza,Malaga,3-5
Almeria,Sociedad,2-2
Espanol,Almeria,1-0
Mallorca,Osasuna,2-0
Sociedad,Real Madrid,1-2
Sp Gijon,Ath Bilbao,2-2
Ath Madrid,Barcelona,1-2
Hercules,Valencia,1-2
Levante,Villarreal,1-2
Malaga,Sevilla,1-2
Santander,Zaragoza,2-0
La Coruna,Getafe,2-2
Ath Bilbao,Mallorca,3-0
Osasuna,Sociedad,3-1
Real Madrid,Espanol,3-0
Almeria,Levante,0-1
Barcelona,Sp Gijon,1-0
Valencia,Ath Madrid,1-1
Zaragoza,Hercules,0-0
Getafe,Malaga,0-2
Sevilla,Santander,1-1
Villarreal,La Coruna,1-0
Ath Bilbao,Barcelona,1-3
Levante,Real Madrid,0-0
Sp Gijon,Valencia,0-2
Ath Madrid,Zaragoza,1-0
Espanol,Osasuna,1-0
Hercules,Sevilla,2-0
La Coruna,Almeria,0-2
Mallorca,Sociedad,2-0
Santander,Getafe,0-1
Malaga,Villarreal,2-3
Sociedad,Espanol,1-0
Valencia,Ath Bilbao,2-1
Zaragoza,Sp Gijon,2-2
Almeria,Malaga,1-1
Barcelona,Mallorca,1-1
Getafe,Hercules,3-0
Osasuna,Levante,1-1
Real Madrid,La Coruna,6-1
Sevilla,Ath Madrid,3-1
Villarreal,Santander,2-0
Ath Madrid,Getafe,2-0
Barcelona,Valencia,2-1
Malaga,Real Madrid,1-4
Ath Bilbao,Zaragoza,2-1
La Coruna,Osasuna,0-0
Levante,Sociedad,2-1
Mallorca,Espanol,0-1
Santander,Almeria,1-0
Sp Gijon,Sevilla,2-0
Hercules,Villarreal,2-2
Real Madrid,Santander,6-1
Valencia,Mallorca,1-2
Zaragoza,Barcelona,0-2
Almeria,Hercules,1-1
Espanol,Levante,2-1
Getafe,Sp Gijon,3-0
Osasuna,Malaga,3-0
Sevilla,Ath Bilbao,4-3
Villarreal,Ath Madrid,2-0
Sociedad,La Coruna,3-0
Barcelona,Sevilla,5-0
Hercules,Real Madrid,1-3
Valencia,Zaragoza,1-1
Ath Bilbao,Getafe,3-0
Ath Madrid,Almeria,1-1
La Coruna,Espanol,3-0
Malaga,Sociedad,1-2
Santander,Osasuna,4-1
Sp Gijon,Villarreal,1-1
Mallorca,Levante,2-1
Espanol,Malaga,1-0
Sociedad,Santander,1-0
Almeria,Sp Gijon,1-1
Getafe,Barcelona,1-3
Levante,La Coruna,1-2
Osasuna,Hercules,3-0
Real Madrid,Ath Madrid,2-0
Villarreal,Ath Bilbao,4-1
Zaragoza,Mallorca,3-2
Sevilla,Valencia,2-0
Ath Bilbao,Almeria,1-0
Ath Madrid,Osasuna,3-0
Barcelona,Villarreal,3-1
Hercules,Sociedad,2-1
Malaga,Levante,1-0
Mallorca,La Coruna,0-0
Santander,Espanol,0-0
Sp Gijon,Real Madrid,0-1
Valencia,Getafe,2-0
Zaragoza,Sevilla,1-2
Almeria,Barcelona,0-8
Real Madrid,Ath Bilbao,5-1
Villarreal,Valencia,1-1
Espanol,Hercules,3-0
La Coruna,Malaga,3-0
Levante,Santander,3-1
Osasuna,Sp Gijon,1-0
Sevilla,Mallorca,1-2
Sociedad,Ath Madrid,2-4
Getafe,Zaragoza,1-1
Ath Madrid,Espanol,2-3
Sevilla,Getafe,1-3
Zaragoza,Villarreal,0-3
Ath Bilbao,Osasuna,1-0
Hercules,Levante,3-1
Mallorca,Malaga,2-0
Santander,La Coruna,1-0
Sp Gijon,Sociedad,1-3
Valencia,Almeria,2-1
Barcelona,Real Madrid,5-0
Levante,Ath Madrid,2-0
Osasuna,Barcelona,0-3
Real Madrid,Valencia,2-0
Almeria,Zaragoza,1-1
Espanol,Sp Gijon,1-0
Getafe,Mallorca,3-0
Malaga,Santander,4-1
Sociedad,Ath Bilbao,2-0
Villarreal,Sevilla,1-0
La Coruna,Hercules,1-0
Ath Madrid,La Coruna,2-0
Getafe,Villarreal,1-0
Sevilla,Almeria,1-3
Ath Bilbao,Espanol,2-1
Barcelona,Sociedad,5-0
Hercules,Malaga,4-1
Mallorca,Santander,0-1
Sp Gijon,Levante,1-1
Zaragoza,Real Madrid,1-3
Valencia,Osasuna,3-3
Espanol,Barcelona,1-5
La Coruna,Sp Gijon,1-1
Levante,Ath Bilbao,1-2
Sociedad,Valencia,1-2
Villarreal,Mallorca,3-1
Almeria,Getafe,2-3
Malaga,Ath Madrid,0-3
Osasuna,Zaragoza,0-0
Real Madrid,Sevilla,1-0
Santander,Hercules,0-0
Ath Bilbao,La Coruna,1-2
Barcelona,Levante,2-1
Sevilla,Osasuna,1-0
Sp Gijon,Malaga,1-2
Valencia,Espanol,2-1
Ath Madrid,Santander,0-0
Getafe,Real Madrid,2-3
Mallorca,Hercules,3-0
Villarreal,Almeria,2-0
Zaragoza,Sociedad,2-1
La Coruna,Barcelona,0-4
Malaga,Ath Bilbao,1-1
Sociedad,Sevilla,2-3
Espanol,Zaragoza,4-0
Levante,Valencia,0-1
Mallorca,Almeria,4-1
Osasuna,Getafe,0-0
Real Madrid,Villarreal,4-2
Santander,Sp Gijon,1-1
Hercules,Ath Madrid,4-1
Ath Bilbao,Santander,2-1
Getafe,Sociedad,0-4
Sevilla,Espanol,1-2
Sp Gijon,Hercules,2-0
Villarreal,Osasuna,4-2
Zaragoza,Levante,1-0
Almeria,Real Madrid,1-1
Barcelona,Malaga,4-1
Valencia,La Coruna,2-0
Ath Madrid,Mallorca,3-0
Barcelona,Santander,3-0
Sevilla,Levante,4-1
Valencia,Malaga,4-3
Almeria,Osasuna,3-2
Getafe,Espanol,1-3
Real Madrid,Mallorca,1-0
Sp Gijon,Ath Madrid,1-0
Villarreal,Sociedad,2-1
Zaragoza,La Coruna,1-0
Ath Bilbao,Hercules,3-0
Hercules,Barcelona,0-3
La Coruna,Sevilla,3-3
Levante,Getafe,2-0
Malaga,Zaragoza,1-2
Mallorca,Sp Gijon,0-4
Sociedad,Almeria,2-0
Ath Madrid,Ath Bilbao,0-2
Espanol,Villarreal,0-1
Osasuna,Real Madrid,1-0
Santander,Valencia,1-1
Almeria,Espanol,3-2
Ath Bilbao,Sp Gijon,3-0
Barcelona,Ath Madrid,3-0
Getafe,La Coruna,4-1
Osasuna,Mallorca,1-1
Villarreal,Levante,0-1
Zaragoza,Santander,1-1
Real Madrid,Sociedad,4-1
Sevilla,Malaga,0-0
Valencia,Hercules,2-0
Ath Madrid,Valencia,1-2
Santander,Sevilla,3-2
Sp Gijon,Barcelona,1-1
Espanol,Real Madrid,0-1
Hercules,Zaragoza,2-1
La Coruna,Villarreal,1-0
Levante,Almeria,1-0
Malaga,Getafe,2-2
Sociedad,Osasuna,1-0
Mallorca,Ath Bilbao,1-0
Real Madrid,Levante,2-0
Valencia,Sp Gijon,0-0
Zaragoza,Ath Madrid,0-1
Almeria,La Coruna,1-1
Barcelona,Ath Bilbao,2-1
Getafe,Santander,0-1
Osasuna,Espanol,4-0
Sevilla,Hercules,1-0
Villarreal,Malaga,1-1
Sociedad,Mallorca,1-0
Ath Madrid,Sevilla,2-2
Espanol,Sociedad,4-1
La Coruna,Real Madrid,0-0
Mallorca,Barcelona,0-3
Sp Gijon,Zaragoza,0-0
Ath Bilbao,Valencia,1-2
Hercules,Getafe,0-0
Levante,Osasuna,2-1
Santander,Villarreal,2-2
Malaga,Almeria,3-1
Espanol,Mallorca,1-2
Sevilla,Sp Gijon,3-0
Getafe,Ath Madrid,1-1
Osasuna,La Coruna,0-0
Sociedad,Levante,1-1
Valencia,Barcelona,0-1
Villarreal,Hercules,1-0
Zaragoza,Ath Bilbao,2-1
Almeria,Santander,1-1
Real Madrid,Malaga,7-0
Ath Madrid,Villarreal,3-1
Barcelona,Zaragoza,1-0
Mallorca,Valencia,1-2
Ath Bilbao,Sevilla,2-0
Hercules,Almeria,1-2
Levante,Espanol,1-0
Malaga,Osasuna,0-1
Santander,Real Madrid,1-3
Sp Gijon,Getafe,2-0
La Coruna,Sociedad,2-1
Almeria,Ath Madrid,2-2
Real Madrid,Hercules,2-0
Zaragoza,Valencia,4-0
Espanol,La Coruna,2-0
Levante,Mallorca,1-1
Osasuna,Santander,3-1
Sevilla,Barcelona,1-1
Sociedad,Malaga,0-2
Villarreal,Sp Gijon,1-1
Getafe,Ath Bilbao,2-2
Ath Madrid,Real Madrid,1-2
Barcelona,Getafe,2-1
Mallorca,Zaragoza,1-0
Ath Bilbao,Villarreal,0-1
Hercules,Osasuna,0-4
La Coruna,Levante,0-1
Malaga,Espanol,2-0
Santander,Sociedad,2-1
Sp Gijon,Almeria,1-0
Valencia,Sevilla,0-1
Getafe,Valencia,2-4
Real Madrid,Sp Gijon,0-1
Villarreal,Barcelona,0-1
Espanol,Santander,1-2
La Coruna,Mallorca,2-1
Levante,Malaga,3-1
Osasuna,Ath Madrid,2-3
Sevilla,Zaragoza,3-1
Sociedad,Hercules,1-3
Almeria,Ath Bilbao,1-3
Ath Bilbao,Real Madrid,0-3
Barcelona,Almeria,3-1
Mallorca,Sevilla,2-2
Ath Madrid,Sociedad,3-0
Hercules,Espanol,0-0
Malaga,La Coruna,0-0
Santander,Levante,1-1
Sp Gijon,Osasuna,1-0
Valencia,Villarreal,5-0
Zaragoza,Getafe,2-1
Almeria,Valencia,0-3
Getafe,Sevilla,1-0
Malaga,Mallorca,3-0
Real Madrid,Barcelona,1-1
Espanol,Ath Madrid,2-2
La Coruna,Santander,2-0
Levante,Hercules,2-1
Osasuna,Ath Bilbao,1-2
Sociedad,Sp Gijon,2-1
Villarreal,Zaragoza,1-0
Ath Bilbao,Sociedad,2-1
Barcelona,Osasuna,2-0
Valencia,Real Madrid,3-6
Ath Madrid,Levante,4-1
Hercules,La Coruna,1-0
Mallorca,Getafe,2-0
Santander,Malaga,1-2
Sevilla,Villarreal,3-2
Sp Gijon,Espanol,1-0
Zaragoza,Almeria,1-0
La Coruna,Ath Madrid,0-1
Real Madrid,Zaragoza,2-3
Sociedad,Barcelona,2-1
Almeria,Sevilla,0-1
Levante,Sp Gijon,0-0
Malaga,Hercules,3-1
Osasuna,Valencia,1-0
Santander,Mallorca,2-0
Villarreal,Getafe,2-1
Espanol,Ath Bilbao,2-1
Ath Bilbao,Levante,3-2
Ath Madrid,Malaga,0-3
Getafe,Almeria,2-0
Hercules,Santander,2-3
Sevilla,Real Madrid,2-6
Sp Gijon,La Coruna,2-2
Valencia,Sociedad,3-0
Barcelona,Espanol,2-0
Mallorca,Villarreal,0-0
Zaragoza,Osasuna,1-3
La Coruna,Ath Bilbao,2-1
Malaga,Sp Gijon,2-0
Real Madrid,Getafe,4-0
Santander,Ath Madrid,2-1
Almeria,Villarreal,0-0
Espanol,Valencia,2-2
Hercules,Mallorca,2-2
Levante,Barcelona,1-1
Osasuna,Sevilla,3-2
Sociedad,Zaragoza,2-1
Almeria,Mallorca,3-1
Ath Bilbao,Malaga,1-1
Ath Madrid,Hercules,2-1
Barcelona,La Coruna,0-0
Getafe,Osasuna,2-0
Sevilla,Sociedad,3-1
Sp Gijon,Santander,2-1
Valencia,Levante,0-0
Villarreal,Real Madrid,1-3
Zaragoza,Espanol,1-0
Espanol,Sevilla,2-3
Hercules,Sp Gijon,0-0
La Coruna,Valencia,0-2
Levante,Zaragoza,1-2
Malaga,Barcelona,1-3
Mallorca,Ath Madrid,3-4
Osasuna,Villarreal,1-0
Real Madrid,Almeria,8-1
Santander,Ath Bilbao,1-2
Sociedad,Getafe,1-1
Granada,Betis,0-1
Sp Gijon,Sociedad,1-2
Valencia,Santander,4-3
Ath Bilbao,Vallecano,1-1
Ath Madrid,Osasuna,0-0
Getafe,Levante,1-1
Mallorca,Espanol,1-0
Sevilla,Malaga,2-1
Zaragoza,Real Madrid,0-6
Barcelona,Villarreal,5-0
Real Madrid,Getafe,4-2
Sociedad,Barcelona,2-2
Valencia,Ath Madrid,1-0
Villarreal,Sevilla,2-2
Betis,Mallorca,1-0
Espanol,Ath Bilbao,2-1
Osasuna,Sp Gijon,2-1
Santander,Levante,0-0
Vallecano,Zaragoza,0-0
Malaga,Granada,4-0
Barcelona,Osasuna,8-0
Granada,Villarreal,1-0
Mallorca,Malaga,0-1
Sevilla,Sociedad,1-0
Sp Gijon,Valencia,0-1
Ath Bilbao,Betis,2-3
Ath Madrid,Santander,4-0
Getafe,Vallecano,0-1
Levante,Real Madrid,1-0
Zaragoza,Espanol,2-1
Osasuna,Sevilla,0-0
Sociedad,Granada,1-0
Villarreal,Mallorca,2-0
Ath Madrid,Sp Gijon,4-0
Malaga,Ath Bilbao,1-0
Santander,Real Madrid,0-0
Valencia,Barcelona,2-2
Vallecano,Levante,1-2
Betis,Zaragoza,4-3
Espanol,Getafe,1-0
Ath Bilbao,Villarreal,1-1
Barcelona,Ath Madrid,5-0
Real Madrid,Vallecano,6-2
Sevilla,Valencia,1-0
Granada,Osasuna,1-1
Levante,Espanol,3-1
Mallorca,Sociedad,2-1
Sp Gijon,Santander,0-0
Zaragoza,Malaga,0-0
Getafe,Betis,1-0
Malaga,Getafe,3-2
Osasuna,Mallorca,2-2
Santander,Vallecano,1-1
Valencia,Granada,1-0
Villarreal,Zaragoza,2-2
Ath Madrid,Sevilla,0-0
Betis,Levante,0-1
Espanol,Real Madrid,0-4
Sociedad,Ath Bilbao,1-2
Sp Gijon,Barcelona,0-1
Barcelona,Santander,3-0
Getafe,Villarreal,0-0
Granada,Ath Madrid,0-0
Mallorca,Valencia,1-1
Real Madrid,Betis,4-1
Levante,Malaga,3-0
Sevilla,Sp Gijon,2-1
Vallecano,Espanol,0-1
Zaragoza,Sociedad,2-0
Ath Bilbao,Osasuna,3-1
Barcelona,Sevilla,0-0
Malaga,Real Madrid,0-4
Santander,Espanol,0-1
Sp Gijon,Granada,2-0
Ath Madrid,Mallorca,1-1
Betis,Vallecano,0-2
Osasuna,Zaragoza,3-0
Sociedad,Getafe,0-0
Valencia,Ath Bilbao,1-1
Villarreal,Levante,0-3
Granada,Barcelona,0-1
Sevilla,Santander,2-2
Getafe,Osasuna,2-2
Levante,Sociedad,3-2
Mallorca,Sp Gijon,1-2
Real Madrid,Villarreal,3-0
Vallecano,Malaga,2-0
Zaragoza,Valencia,0-1
Ath Bilbao,Ath Madrid,3-0
Espanol,Betis,1-0
Barcelona,Mallorca,5-0
Sociedad,Real Madrid,0-1
Valencia,Getafe,3-1
Villarreal,Vallecano,2-0
Ath Madrid,Zaragoza,3-1
Malaga,Espanol,2-1
Osasuna,Levante,2-0
Santander,Betis,1-0
Sp Gijon,Ath Bilbao,1-1
Sevilla,Granada,1-2
Betis,Malaga,0-0
Levante,Valencia,0-2
Mallorca,Sevilla,0-0
Ath Bilbao,Barcelona,2-2
Espanol,Villarreal,0-0
Getafe,Ath Madrid,3-2
Granada,Santander,0-0
Real Madrid,Osasuna,7-1
Vallecano,Sociedad,4-0
Zaragoza,Sp Gijon,2-2
Barcelona,Zaragoza,4-0
Valencia,Real Madrid,2-3
Villarreal,Betis,1-0
Ath Madrid,Levante,3-2
Osasuna,Vallecano,0-0
Sevilla,Ath Bilbao,1-2
Sociedad,Espanol,0-0
Sp Gijon,Getafe,2-1
Santander,Malaga,1-3
Getafe,Barcelona,1-0
Real Madrid,Ath Madrid,4-1
Vallecano,Valencia,1-2
Ath Bilbao,Granada,0-1
Betis,Sociedad,2-3
Espanol,Osasuna,1-2
Levante,Sp Gijon,4-0
Mallorca,Santander,2-1
Zaragoza,Sevilla,0-1
Malaga,Villarreal,2-1
Barcelona,Vallecano,4-0
Barcelona,Levante,5-0
Santander,Villarreal,1-0
Sp Gijon,Real Madrid,0-3
Valencia,Espanol,2-1
Ath Madrid,Vallecano,3-1
Granada,Zaragoza,1-0
Mallorca,Ath Bilbao,1-1
Osasuna,Betis,2-1
Sociedad,Malaga,3-2
Sevilla,Getafe,3-0
Granada,Mallorca,2-2
Betis,Valencia,2-1
Levante,Sevilla,1-0
Real Madrid,Barcelona,1-3
Ath Bilbao,Santander,1-1
Espanol,Ath Madrid,4-2
Getafe,Granada,1-0
Malaga,Osasuna,1-1
Vallecano,Sp Gijon,1-3
Villarreal,Sociedad,1-1
Zaragoza,Mallorca,0-1
Ath Bilbao,Zaragoza,2-1
Mallorca,Getafe,1-2
Sevilla,Real Madrid,2-6
Sp Gijon,Espanol,1-2
Ath Madrid,Betis,0-2
Granada,Levante,2-1
Osasuna,Villarreal,2-1
Santander,Sociedad,0-0
Valencia,Malaga,2-0
Levante,Mallorca,0-0
Malaga,Ath Madrid,0-0
Real Madrid,Granada,5-1
Santander,Zaragoza,1-0
Sociedad,Osasuna,0-0
Betis,Sp Gijon,2-0
Espanol,Barcelona,1-1
Getafe,Ath Bilbao,0-0
Vallecano,Sevilla,2-1
Villarreal,Valencia,2-2
Granada,Vallecano,1-2
Mallorca,Real Madrid,1-2
Sevilla,Espanol,0-0
Valencia,Sociedad,0-1
Zaragoza,Getafe,1-1
Ath Bilbao,Levante,3-0
Ath Madrid,Villarreal,3-0
Barcelona,Betis,4-2
Osasuna,Santander,0-2
Sp Gijon,Malaga,2-1
Betis,Sevilla,1-1
Espanol,Granada,3-0
Santander,Getafe,1-2
Sociedad,Ath Madrid,0-4
Levante,Zaragoza,0-0
Malaga,Barcelona,1-4
Osasuna,Valencia,1-1
Real Madrid,Ath Bilbao,4-1
Vallecano,Mallorca,0-1
Villarreal,Sp Gijon,3-0
Espanol,Mallorca,1-0
Real Madrid,Zaragoza,3-1
Vallecano,Ath Bilbao,2-3
Villarreal,Barcelona,0-0
Betis,Granada,1-2
Levante,Getafe,1-2
Malaga,Sevilla,2-1
Santander,Valencia,2-2
Sociedad,Sp Gijon,5-1
Osasuna,Ath Madrid,0-1
Ath Bilbao,Espanol,3-3
Barcelona,Sociedad,2-1
Getafe,Real Madrid,0-1
Levante,Santander,1-1
Mallorca,Betis,1-0
Ath Madrid,Valencia,0-0
Sevilla,Villarreal,1-2
Sp Gijon,Osasuna,1-1
Zaragoza,Vallecano,1-2
Granada,Malaga,2-1
Betis,Ath Bilbao,2-1
Osasuna,Barcelona,3-2
Santander,Ath Madrid,0-0
Espanol,Zaragoza,0-2
Malaga,Mallorca,3-1
Real Madrid,Levante,4-2
Valencia,Sp Gijon,4-0
Vallecano,Getafe,2-0
Villarreal,Granada,3-1
Sociedad,Sevilla,2-0
Getafe,Espanol,1-1
Real Madrid,Santander,4-0
Sevilla,Osasuna,2-0
Ath Bilbao,Malaga,3-0
Barcelona,Valencia,5-1
Granada,Sociedad,4-1
Levante,Vallecano,3-5
Mallorca,Villarreal,4-0
Sp Gijon,Ath Madrid,1-1
Zaragoza,Betis,0-2
Betis,Getafe,1-1
Espanol,Levante,1-2
Malaga,Zaragoza,5-1
Santander,Sp Gijon,1-1
Ath Madrid,Barcelona,1-2
Osasuna,Granada,2-1
Sociedad,Mallorca,1-0
Valencia,Sevilla,1-2
Vallecano,Real Madrid,0-1
Villarreal,Ath Bilbao,2-2
Barcelona,Sp Gijon,3-1
Getafe,Malaga,1-3
Mallorca,Osasuna,1-1
Sevilla,Ath Madrid,1-1
Vallecano,Santander,4-2
Ath Bilbao,Sociedad,2-0
Granada,Valencia,0-1
Real Madrid,Espanol,5-0
Zaragoza,Villarreal,2-1
Levante,Betis,3-1
Betis,Real Madrid,2-3
Malaga,Levante,1-0
Sociedad,Zaragoza,3-0
Sp Gijon,Sevilla,1-0
Ath Madrid,Granada,2-0
Espanol,Vallecano,5-1
Osasuna,Ath Bilbao,2-1
Santander,Barcelona,0-2
Valencia,Mallorca,2-2
Villarreal,Getafe,1-2
Getafe,Sociedad,1-0
Granada,Sp Gijon,2-1
Sevilla,Barcelona,0-2
Vallecano,Betis,3-0
Zaragoza,Osasuna,1-1
Ath Bilbao,Valencia,0-3
Levante,Villarreal,1-0
Mallorca,Ath Madrid,2-1
Real Madrid,Malaga,1-1
Espanol,Santander,3-1
Barcelona,Granada,5-3
Osasuna,Getafe,0-0
Ath Madrid,Ath Bilbao,2-1
Sociedad,Levante,1-3
Sp Gijon,Mallorca,2-3
Valencia,Zaragoza,1-2
Villarreal,Real Madrid,1-1
Betis,Espanol,1-1
Malaga,Vallecano,4-2
Santander,Sevilla,0-3
Getafe,Valencia,3-1
Mallorca,Barcelona,0-2
Real Madrid,Sociedad,5-1
Ath Bilbao,Sp Gijon,1-1
Betis,Santander,1-1
Espanol,Malaga,1-2
Levante,Osasuna,0-2
Vallecano,Villarreal,0-2
Zaragoza,Ath Madrid,1-0
Granada,Sevilla,0-3
Barcelona,Ath Bilbao,2-0
Malaga,Betis,0-2
Osasuna,Real Madrid,1-5
Santander,Granada,0-1
Sp Gijon,Zaragoza,1-2
Ath Madrid,Getafe,3-0
Sociedad,Vallecano,4-0
Valencia,Levante,1-1
Villarreal,Espanol,0-0
Sevilla,Mallorca,3-1
Betis,Villarreal,3-1
Espanol,Sociedad,2-2
Getafe,Sp Gijon,2-0
Vallecano,Osasuna,6-0
Zaragoza,Barcelona,1-4
Ath Bilbao,Sevilla,1-0
Levante,Ath Madrid,2-0
Mallorca,Granada,0-0
Real Madrid,Valencia,0-0
Malaga,Santander,3-0
Barcelona,Getafe,4-0
Osasuna,Espanol,2-0
Sociedad,Betis,1-1
Ath Madrid,Real Madrid,1-4
Granada,Ath Bilbao,2-2
Sp Gijon,Levante,3-2
Valencia,Vallecano,4-1
Santander,Mallorca,0-3
Sevilla,Zaragoza,3-0
Villarreal,Malaga,2-1
Levante,Barcelona,1-2
Real Madrid,Sp Gijon,3-1
Ath Bilbao,Mallorca,1-0
Betis,Osasuna,1-0
Espanol,Valencia,4-0
Malaga,Sociedad,1-1
Vallecano,Ath Madrid,0-1
Villarreal,Santander,1-1
Zaragoza,Granada,1-0
Getafe,Sevilla,5-1
Barcelona,Real Madrid,1-2
Mallorca,Zaragoza,1-0
Sevilla,Levante,1-1
Sp Gijon,Vallecano,2-1
Ath Madrid,Espanol,3-1
Granada,Getafe,1-0
Santander,Ath Bilbao,0-1
Sociedad,Villarreal,1-1
Valencia,Betis,4-0
Osasuna,Malaga,1-1
Espanol,Sp Gijon,0-3
Getafe,Mallorca,1-3
Levante,Granada,3-1
Sociedad,Santander,3-0
Villarreal,Osasuna,1-1
Betis,Ath Madrid,2-2
Malaga,Valencia,1-0
Real Madrid,Sevilla,3-0
Vallecano,Barcelona,0-7
Zaragoza,Ath Bilbao,2-0
Getafe,Santander,1-1
Granada,Espanol,2-1
Sp Gijon,Villarreal,2-3
Ath Bilbao,Real Madrid,0-3
Ath Madrid,Sociedad,1-1
Barcelona,Malaga,4-1
Mallorca,Vallecano,1-0
Sevilla,Betis,1-2
Valencia,Osasuna,4-0
Zaragoza,Levante,1-0
Ath Bilbao,Getafe,0-0
Ath Madrid,Malaga,2-1
Barcelona,Espanol,4-0
Granada,Real Madrid,1-2
Mallorca,Levante,1-0
Osasuna,Sociedad,1-0
Sevilla,Vallecano,5-2
Sp Gijon,Betis,2-1
Valencia,Villarreal,1-0
Zaragoza,Santander,2-1
Betis,Barcelona,2-2
Sociedad,Valencia,1-0
Espanol,Sevilla,1-1
Getafe,Zaragoza,0-2
Levante,Ath Bilbao,3-0
Malaga,Sp Gijon,1-0
Real Madrid,Mallorca,4-1
Santander,Osasuna,2-4
Vallecano,Granada,1-0
Villarreal,Ath Madrid,0-1
Celta,Malaga,0-1
Mallorca,Espanol,2-1
Sevilla,Getafe,2-1
Ath Bilbao,Betis,3-5
Barcelona,Sociedad,5-1
Levante,Ath Madrid,1-1
Real Madrid,Valencia,1-1
La Coruna,Osasuna,2-0
Vallecano,Granada,1-0
Zaragoza,Valladolid,0-1
Betis,Vallecano,1-2
Espanol,Zaragoza,1-2
Malaga,Mallorca,1-1
Sociedad,Celta,2-1
Getafe,Real Madrid,2-1
Granada,Sevilla,1-1
Osasuna,Barcelona,1-2
Valencia,La Coruna,3-3
Ath Madrid,Ath Bilbao,4-0
Valladolid,Levante,2-0
Celta,Osasuna,2-0
La Coruna,Getafe,1-1
Mallorca,Sociedad,1-0
Zaragoza,Malaga,0-1
Ath Bilbao,Valladolid,2-0
Barcelona,Valencia,1-0
Levante,Espanol,3-2
Real Madrid,Granada,3-0
Vallecano,Sevilla,0-0
Getafe,Barcelona,1-4
Malaga,Levante,3-1
Sevilla,Real Madrid,1-0
Valencia,Celta,2-1
Ath Madrid,Vallecano,4-3
Espanol,Ath Bilbao,3-3
Granada,La Coruna,1-1
Osasuna,Mallorca,1-1
Sociedad,Zaragoza,2-0
Valladolid,Betis,0-1
Barcelona,Granada,2-0
Betis,Espanol,1-0
Celta,Getafe,2-1
Zaragoza,Osasuna,3-1
Ath Bilbao,Malaga,0-0
Ath Madrid,Valladolid,2-1
Levante,Sociedad,2-1
Mallorca,Valencia,2-0
La Coruna,Sevilla,0-2
Vallecano,Real Madrid,0-2
Betis,Ath Madrid,2-4
Malaga,Betis,4-0
Sevilla,Barcelona,2-3
Sociedad,Ath Bilbao,2-0
Valencia,Zaragoza,2-0
Espanol,Ath Madrid,0-1
Granada,Celta,2-1
Osasuna,Levante,4-0
Real Madrid,La Coruna,5-1
Valladolid,Vallecano,6-1
Getafe,Mallorca,1-0
Celta,Sevilla,2-0
Betis,Sociedad,2-0
Valladolid,Espanol,1-1
Vallecano,La Coruna,2-1
Zaragoza,Getafe,0-1
Ath Bilbao,Osasuna,1-0
Ath Madrid,Malaga,2-1
Barcelona,Real Madrid,2-2
Levante,Valencia,1-0
Mallorca,Granada,1-2
La Coruna,Barcelona,4-5
Malaga,Valladolid,2-1
Real Madrid,Celta,2-0
Valencia,Ath Bilbao,3-2
Espanol,Vallecano,3-2
Getafe,Levante,0-1
Granada,Zaragoza,1-2
Osasuna,Betis,0-0
Sociedad,Ath Madrid,0-1
Sevilla,Mallorca,3-2
Betis,Valencia,1-0
Celta,La Coruna,1-1
Espanol,Malaga,0-0
Vallecano,Barcelona,0-5
Ath Bilbao,Getafe,1-2
Ath Madrid,Osasuna,3-1
Levante,Granada,3-1
Mallorca,Real Madrid,0-5
Zaragoza,Sevilla,2-1
Valladolid,Sociedad,2-2
Barcelona,Celta,3-1
Malaga,Vallecano,1-2
Real Madrid,Zaragoza,4-0
Valencia,Ath Madrid,2-0
Granada,Ath Bilbao,1-2
La Coruna,Mallorca,1-0
Osasuna,Valladolid,0-1
Sevilla,Levante,0-0
Sociedad,Espanol,0-1
Getafe,Betis,2-4
Betis,Granada,1-2
Espanol,Osasuna,0-3
Malaga,Sociedad,1-2
Vallecano,Celta,3-2
Zaragoza,La Coruna,5-3
Ath Bilbao,Sevilla,2-1
Ath Madrid,Getafe,2-0
Levante,Real Madrid,1-2
Mallorca,Barcelona,2-4
Valladolid,Valencia,1-1
Barcelona,Zaragoza,3-1
Osasuna,Malaga,0-0
Real Madrid,Ath Bilbao,5-1
Valencia,Espanol,2-1
Celta,Mallorca,1-1
Getafe,Valladolid,2-1
Granada,Ath Madrid,0-1
La Coruna,Levante,0-2
Sevilla,Betis,5-1
Sociedad,Vallecano,4-0
Sociedad,Osasuna,0-0
Betis,Real Madrid,1-0
Malaga,Valencia,4-0
Valladolid,Granada,1-0
Vallecano,Mallorca,2-0
Ath Bilbao,La Coruna,1-1
Ath Madrid,Sevilla,4-0
Espanol,Getafe,0-2
Levante,Barcelona,0-4
Zaragoza,Celta,0-1
Osasuna,Vallecano,1-0
Barcelona,Ath Bilbao,5-1
Getafe,Malaga,1-0
Real Madrid,Ath Madrid,2-0
Valencia,Sociedad,2-5
Celta,Levante,1-1
Granada,Espanol,0-0
La Coruna,Betis,2-3
Mallorca,Zaragoza,1-1
Sevilla,Valladolid,1-2
Espanol,Sevilla,2-2
Malaga,Granada,4-0
Osasuna,Valencia,0-1
Sociedad,Getafe,1-1
Valladolid,Real Madrid,2-3
Ath Bilbao,Celta,1-0
Ath Madrid,La Coruna,6-0
Betis,Barcelona,1-2
Levante,Mallorca,4-0
Vallecano,Zaragoza,0-2
Getafe,Osasuna,1-1
Granada,Sociedad,0-0
Mallorca,Ath Bilbao,0-1
Sevilla,Malaga,0-2
Barcelona,Ath Madrid,4-1
Real Madrid,Espanol,2-2
Valencia,Vallecano,0-1
Zaragoza,Levante,0-1
Celta,Betis,0-1
La Coruna,Valladolid,0-0
Espanol,La Coruna,2-0
Sociedad,Sevilla,2-1
Vallecano,Levante,3-0
Ath Madrid,Celta,1-0
Valencia,Getafe,4-2
Ath Bilbao,Zaragoza,0-2
Betis,Mallorca,1-2
Malaga,Real Madrid,3-2
Osasuna,Granada,1-2
Valladolid,Barcelona,1-3
Zaragoza,Betis,1-2
Granada,Valencia,1-2
La Coruna,Malaga,1-0
Levante,Ath Bilbao,3-1
Sevilla,Osasuna,1-0
Barcelona,Espanol,4-0
Celta,Valladolid,3-1
Mallorca,Ath Madrid,1-1
Real Madrid,Sociedad,4-3
Vallecano,Getafe,3-1
Ath Bilbao,Vallecano,1-2
Espanol,Celta,1-0
Osasuna,Real Madrid,0-0
Valencia,Sevilla,2-0
Valladolid,Mallorca,3-1
Ath Madrid,Zaragoza,2-0
Betis,Levante,2-0
Malaga,Barcelona,1-3
Sociedad,La Coruna,1-1
Getafe,Granada,2-2
Espanol,Mallorca,3-2
Getafe,Sevilla,1-1
Granada,Vallecano,2-0
Malaga,Celta,1-1
Sociedad,Barcelona,3-2
Ath Madrid,Levante,2-0
Osasuna,La Coruna,2-1
Valencia,Real Madrid,0-5
Valladolid,Zaragoza,2-0
Betis,Ath Bilbao,1-1
Celta,Sociedad,1-1
La Coruna,Valencia,2-3
Levante,Valladolid,2-1
Zaragoza,Espanol,0-0
Ath Bilbao,Ath Madrid,3-0
Barcelona,Osasuna,5-1
Mallorca,Malaga,2-3
Real Madrid,Getafe,4-0
Vallecano,Betis,3-0
Sevilla,Granada,3-0
Valladolid,Ath Bilbao,2-2
Espanol,Levante,3-2
Getafe,La Coruna,3-1
Granada,Real Madrid,1-0
Osasuna,Celta,1-0
Ath Madrid,Betis,1-0
Malaga,Zaragoza,1-1
Sevilla,Vallecano,2-1
Sociedad,Mallorca,3-0
Valencia,Barcelona,1-1
Celta,Valencia,0-1
La Coruna,Granada,0-3
Levante,Malaga,1-2
Mallorca,Osasuna,1-1
Real Madrid,Sevilla,4-1
Ath Bilbao,Espanol,0-4
Barcelona,Getafe,6-1
Vallecano,Ath Madrid,2-1
Zaragoza,Sociedad,1-2
Betis,Valladolid,0-0
Sevilla,La Coruna,3-1
Getafe,Celta,3-1
Granada,Barcelona,1-2
Malaga,Ath Bilbao,1-0
Osasuna,Zaragoza,1-0
Espanol,Betis,1-0
Real Madrid,Vallecano,2-0
Sociedad,Levante,1-1
Valencia,Mallorca,2-0
Valladolid,Ath Madrid,0-3
Ath Bilbao,Sociedad,1-3
Barcelona,Sevilla,2-1
La Coruna,Real Madrid,1-2
Mallorca,Getafe,1-3
Zaragoza,Valencia,2-2
Ath Madrid,Espanol,1-0
Betis,Malaga,3-0
Celta,Granada,2-1
Vallecano,Valladolid,1-2
Levante,Osasuna,0-2
Getafe,Zaragoza,2-0
La Coruna,Vallecano,0-0
Osasuna,Ath Bilbao,0-1
Real Madrid,Barcelona,2-1
Valencia,Levante,2-2
Espanol,Valladolid,0-0
Granada,Mallorca,1-2
Malaga,Ath Madrid,0-0
Sociedad,Betis,3-3
Sevilla,Celta,4-1
Betis,Osasuna,2-1
Barcelona,La Coruna,2-0
Mallorca,Sevilla,2-1
Valladolid,Malaga,1-1
Vallecano,Espanol,2-0
Ath Bilbao,Valencia,1-0
Ath Madrid,Sociedad,0-1
Celta,Real Madrid,1-2
Levante,Getafe,0-0
Zaragoza,Granada,0-0
La Coruna,Celta,3-1
Getafe,Ath Bilbao,1-0
Real Madrid,Mallorca,5-2
Sociedad,Valladolid,4-1
Valencia,Betis,3-0
Barcelona,Vallecano,3-1
Granada,Levante,1-1
Malaga,Espanol,0-2
Osasuna,Ath Madrid,0-2
Sevilla,Zaragoza,4-0
Celta,Barcelona,2-2
Levante,Sevilla,1-0
Vallecano,Malaga,1-3
Zaragoza,Real Madrid,1-1
Ath Madrid,Valencia,1-1
Espanol,Sociedad,2-2
Mallorca,La Coruna,2-3
Valladolid,Osasuna,1-3
Ath Bilbao,Granada,1-0
Betis,Getafe,0-0
Granada,Betis,1-5
Barcelona,Mallorca,5-0
La Coruna,Zaragoza,3-2
Real Madrid,Levante,5-1
Sociedad,Malaga,4-2
Celta,Vallecano,0-2
Getafe,Ath Madrid,0-0
Osasuna,Espanol,0-2
Valencia,Valladolid,2-1
Sevilla,Ath Bilbao,2-1
Betis,Sevilla,3-3
Espanol,Valencia,3-3
Levante,La Coruna,0-4
Malaga,Osasuna,1-0
Valladolid,Getafe,2-1
Ath Bilbao,Real Madrid,0-3
Ath Madrid,Granada,5-0
Vallecano,Sociedad,0-2
Zaragoza,Barcelona,0-3
Mallorca,Celta,1-0
Mallorca,Vallecano,1-1
Barcelona,Levante,1-0
Granada,Valladolid,1-1
Real Madrid,Betis,3-1
Valencia,Malaga,5-1
Getafe,Espanol,0-2
La Coruna,Ath Bilbao,1-1
Osasuna,Sociedad,0-0
Sevilla,Ath Madrid,0-1
Celta,Zaragoza,2-1
Vallecano,Osasuna,2-2
Ath Bilbao,Barcelona,2-2
Ath Madrid,Real Madrid,1-2
Levante,Celta,0-1
Zaragoza,Mallorca,3-2
Espanol,Granada,0-1
Malaga,Getafe,2-1
Sociedad,Valencia,4-2
Valladolid,Sevilla,1-1
Betis,La Coruna,1-1
Celta,Ath Bilbao,1-1
Granada,Malaga,1-0
La Coruna,Ath Madrid,0-0
Real Madrid,Valladolid,4-3
Valencia,Osasuna,4-0
Barcelona,Betis,4-2
Mallorca,Levante,1-1
Sevilla,Espanol,3-0
Zaragoza,Vallecano,3-0
Getafe,Sociedad,2-1
Celta,Ath Madrid,1-3
Real Madrid,Malaga,6-2
Levante,Zaragoza,0-0
Ath Bilbao,Mallorca,2-1
Espanol,Real Madrid,1-1
Osasuna,Getafe,1-0
Valladolid,La Coruna,1-0
Ath Madrid,Barcelona,1-2
Betis,Celta,1-0
Malaga,Sevilla,0-0
Vallecano,Valencia,0-4
Sociedad,Granada,2-2
Getafe,Valencia,0-1
Granada,Osasuna,3-0
Sevilla,Sociedad,1-2
Barcelona,Valladolid,2-1
La Coruna,Espanol,2-0
Levante,Vallecano,2-3
Zaragoza,Ath Bilbao,1-2
Mallorca,Betis,1-0
Ath Bilbao,Levante,0-1
Ath Madrid,Mallorca,0-0
Betis,Zaragoza,4-0
Espanol,Barcelona,0-2
Getafe,Vallecano,1-2
Malaga,La Coruna,3-1
Osasuna,Sevilla,2-1
Sociedad,Real Madrid,3-3
Valencia,Granada,1-0
Valladolid,Celta,0-2
Barcelona,Malaga,4-1
Celta,Espanol,1-0
Granada,Getafe,2-0
La Coruna,Sociedad,0-1
Levante,Betis,1-1
Mallorca,Valladolid,4-2
Real Madrid,Osasuna,4-2
Sevilla,Valencia,4-3
Vallecano,Ath Bilbao,2-2
Zaragoza,Ath Madrid,1-3
Sociedad,Getafe,2-0
Valencia,Malaga,1-0
Valladolid,Ath Bilbao,1-2
Barcelona,Levante,7-0
Osasuna,Granada,1-2
Real Madrid,Betis,2-1
Sevilla,Ath Madrid,1-3
Almeria,Villarreal,2-3
Celta,Espanol,2-2
Vallecano,Elche,3-0
Ath Bilbao,Osasuna,2-0
Getafe,Almeria,2-2
Elche,Sociedad,1-1
Espanol,Valencia,3-1
Villarreal,Valladolid,2-1
Ath Madrid,Vallecano,5-0
Betis,Celta,1-2
Levante,Sevilla,0-0
Malaga,Barcelona,0-1
Granada,Real Madrid,0-1
Almeria,Elche,2-2
Vallecano,Levante,1-2
Celta,Granada,1-1
Osasuna,Villarreal,0-3
Valladolid,Getafe,1-0
Espanol,Betis,0-0
Real Madrid,Ath Bilbao,3-1
Sevilla,Malaga,2-2
Sociedad,Ath Madrid,1-2
Valencia,Barcelona,2-3
Ath Madrid,Almeria,4-2
Barcelona,Sevilla,3-2
Levante,Sociedad,0-0
Villarreal,Real Madrid,2-2
Betis,Valencia,3-1
Getafe,Osasuna,2-1
Granada,Espanol,0-1
Malaga,Vallecano,5-0
Ath Bilbao,Celta,3-2
Elche,Valladolid,0-0
Osasuna,Elche,2-1
Almeria,Levante,2-2
Sociedad,Malaga,0-0
Valladolid,Ath Madrid,0-2
Vallecano,Barcelona,0-4
Betis,Granada,0-0
Celta,Villarreal,0-0
Real Madrid,Getafe,4-1
Valencia,Sevilla,3-1
Espanol,Ath Bilbao,3-2
Ath Madrid,Osasuna,2-1
Barcelona,Sociedad,4-1
Levante,Valladolid,1-1
Malaga,Almeria,2-0
Elche,Real Madrid,1-2
Granada,Valencia,0-1
Sevilla,Vallecano,4-1
Ath Bilbao,Betis,2-1
Getafe,Celta,2-0
Villarreal,Espanol,2-1
Valladolid,Malaga,2-2
Almeria,Barcelona,0-2
Real Madrid,Ath Madrid,0-1
Sociedad,Sevilla,1-1
Valencia,Vallecano,1-0
Betis,Villarreal,1-0
Celta,Elche,0-1
Espanol,Getafe,0-2
Osasuna,Levante,0-1
Granada,Ath Bilbao,2-0
Ath Madrid,Celta,2-1
Getafe,Betis,3-1
Sevilla,Almeria,2-1
Ath Bilbao,Valencia,1-1
Barcelona,Valladolid,4-1
Elche,Espanol,2-1
Levante,Real Madrid,2-3
Vallecano,Sociedad,1-0
Malaga,Osasuna,0-1
Villarreal,Granada,3-0
Espanol,Ath Madrid,1-0
Osasuna,Barcelona,0-0
Real Madrid,Malaga,2-0
Valencia,Sociedad,1-2
Almeria,Vallecano,0-1
Betis,Elche,1-2
Granada,Getafe,0-2
Valladolid,Sevilla,2-2
Ath Bilbao,Villarreal,2-0
Celta,Levante,0-1
Vallecano,Valladolid,0-3
Barcelona,Real Madrid,2-1
Elche,Granada,0-1
Levante,Espanol,3-0
Malaga,Celta,0-5
Ath Madrid,Betis,5-0
Sevilla,Osasuna,2-1
Sociedad,Almeria,3-0
Villarreal,Valencia,4-1
Getafe,Ath Bilbao,0-1
Celta,Barcelona,0-3
Espanol,Malaga,0-0
Osasuna,Vallecano,3-1
Real Madrid,Sevilla,7-3
Valencia,Almeria,1-2
Valladolid,Sociedad,2-2
Ath Bilbao,Elche,2-2
Betis,Levante,0-0
Granada,Ath Madrid,1-2
Villarreal,Getafe,0-2
Barcelona,Espanol,1-0
Almeria,Valladolid,1-0
Sevilla,Celta,0-1
Sociedad,Osasuna,5-0
Vallecano,Real Madrid,2-3
Ath Madrid,Ath Bilbao,2-0
Getafe,Valencia,0-1
Levante,Granada,0-1
Malaga,Betis,3-2
Elche,Villarreal,0-1
Granada,Malaga,3-1
Osasuna,Almeria,0-1
Ath Bilbao,Levante,2-1
Celta,Vallecano,0-2
Getafe,Elche,1-1
Real Madrid,Sociedad,5-1
Espanol,Sevilla,1-3
Valencia,Valladolid,2-2
Villarreal,Ath Madrid,1-1
Betis,Barcelona,1-4
Valladolid,Osasuna,0-1
Almeria,Real Madrid,0-5
Ath Madrid,Getafe,7-0
Barcelona,Granada,4-0
Sociedad,Celta,4-3
Elche,Valencia,2-1
Levante,Villarreal,0-3
Sevilla,Betis,4-0
Vallecano,Espanol,1-4
Malaga,Ath Bilbao,1-2
Getafe,Levante,1-0
Villarreal,Malaga,1-1
Celta,Almeria,3-1
Elche,Ath Madrid,0-2
Espanol,Sociedad,1-2
Real Madrid,Valladolid,4-0
Ath Bilbao,Barcelona,1-0
Betis,Vallecano,2-2
Granada,Sevilla,1-2
Valencia,Osasuna,3-0
Levante,Elche,2-1
Barcelona,Villarreal,2-1
Malaga,Getafe,1-0
Osasuna,Real Madrid,2-2
Vallecano,Granada,0-2
Almeria,Espanol,0-0
Ath Madrid,Valencia,3-0
Sevilla,Ath Bilbao,1-1
Sociedad,Betis,5-1
Valladolid,Celta,3-0
Elche,Malaga,0-1
Ath Madrid,Levante,3-2
Betis,Almeria,0-1
Granada,Sociedad,1-3
Villarreal,Sevilla,1-2
Ath Bilbao,Vallecano,2-1
Celta,Osasuna,1-1
Espanol,Valladolid,4-2
Getafe,Barcelona,2-5
Valencia,Real Madrid,2-3
Almeria,Granada,3-0
Malaga,Ath Madrid,0-1
Valencia,Levante,2-0
Valladolid,Betis,0-0
Barcelona,Elche,4-0
Osasuna,Espanol,1-0
Sevilla,Getafe,3-0
Sociedad,Ath Bilbao,2-0
Real Madrid,Celta,3-0
Vallecano,Villarreal,2-5
Granada,Valladolid,4-0
Ath Bilbao,Almeria,6-1
Ath Madrid,Barcelona,0-0
Celta,Valencia,2-1
Elche,Sevilla,1-1
Betis,Osasuna,1-2
Espanol,Real Madrid,0-1
Getafe,Vallecano,0-1
Levante,Malaga,1-0
Villarreal,Sociedad,5-1
Malaga,Valencia,0-0
Betis,Real Madrid,0-5
Elche,Vallecano,2-0
Espanol,Celta,1-0
Granada,Osasuna,0-0
Ath Madrid,Sevilla,1-1
Getafe,Sociedad,2-2
Levante,Barcelona,1-1
Villarreal,Almeria,2-0
Ath Bilbao,Valladolid,4-2
Celta,Betis,4-2
Real Madrid,Granada,2-0
Sevilla,Levante,2-3
Valencia,Espanol,2-2
Valladolid,Villarreal,1-0
Almeria,Getafe,1-0
Osasuna,Ath Bilbao,1-5
Vallecano,Ath Madrid,2-4
Barcelona,Malaga,3-0
Sociedad,Elche,4-0
Granada,Celta,1-2
Barcelona,Valencia,2-3
Getafe,Valladolid,0-0
Levante,Vallecano,0-0
Malaga,Sevilla,3-2
Ath Madrid,Sociedad,4-0
Betis,Espanol,2-0
Elche,Almeria,1-0
Ath Bilbao,Real Madrid,1-1
Villarreal,Osasuna,3-1
Espanol,Granada,1-0
Almeria,Ath Madrid,2-0
Real Madrid,Villarreal,4-2
Valencia,Betis,5-0
Vallecano,Malaga,4-1
Osasuna,Getafe,2-0
Sociedad,Levante,0-0
Valladolid,Elche,2-2
Sevilla,Barcelona,1-4
Celta,Ath Bilbao,0-0
Elche,Osasuna,0-0
Ath Madrid,Valladolid,3-0
Barcelona,Vallecano,6-0
Levante,Almeria,1-0
Villarreal,Celta,0-2
Ath Bilbao,Espanol,1-2
Getafe,Real Madrid,0-3
Granada,Betis,1-0
Sevilla,Valencia,0-0
Malaga,Sociedad,0-1
Valladolid,Levante,1-1
Almeria,Malaga,0-0
Celta,Getafe,1-1
Real Madrid,Elche,3-0
Sociedad,Barcelona,3-1
Betis,Ath Bilbao,0-2
Valencia,Granada,2-1
Vallecano,Sevilla,0-1
Osasuna,Ath Madrid,3-0
Espanol,Villarreal,1-2
Ath Bilbao,Granada,4-0
Elche,Celta,1-0
Getafe,Espanol,0-0
Levante,Osasuna,2-0
Malaga,Valladolid,1-1
Ath Madrid,Real Madrid,2-2
Barcelona,Almeria,4-1
Sevilla,Sociedad,1-0
Vallecano,Valencia,1-0
Villarreal,Betis,1-1
Betis,Getafe,2-0
Celta,Ath Madrid,0-2
Granada,Villarreal,2-0
Valladolid,Barcelona,1-0
Almeria,Sevilla,1-3
Espanol,Elche,3-1
Real Madrid,Levante,3-0
Valencia,Ath Bilbao,1-1
Osasuna,Malaga,0-2
Sociedad,Vallecano,2-3
Getafe,Granada,3-3
Ath Madrid,Espanol,1-0
Levante,Celta,0-1
Malaga,Real Madrid,0-1
Vallecano,Almeria,3-1
Barcelona,Osasuna,7-0
Elche,Betis,0-0
Sevilla,Valladolid,4-1
Sociedad,Valencia,1-0
Villarreal,Ath Bilbao,1-1
Celta,Malaga,0-2
Ath Bilbao,Getafe,1-0
Espanol,Levante,0-0
Granada,Elche,1-0
Valladolid,Vallecano,1-1
Betis,Ath Madrid,0-2
Osasuna,Sevilla,1-2
Real Madrid,Barcelona,3-4
Valencia,Villarreal,2-1
Almeria,Sociedad,4-3
Elche,Ath Bilbao,0-0
Malaga,Espanol,1-2
Ath Madrid,Granada,1-0
Barcelona,Celta,3-0
Sevilla,Real Madrid,2-1
Vallecano,Osasuna,1-0
Almeria,Valencia,2-2
Getafe,Villarreal,0-1
Levante,Betis,1-3
Sociedad,Valladolid,1-0
Ath Bilbao,Ath Madrid,1-2
Celta,Sevilla,1-0
Espanol,Barcelona,0-1
Real Madrid,Vallecano,5-0
Osasuna,Sociedad,1-1
Valencia,Getafe,1-3
Valladolid,Almeria,1-0
Villarreal,Elche,1-1
Betis,Malaga,1-2
Granada,Levante,0-2
Almeria,Osasuna,1-2
Ath Madrid,Villarreal,1-0
Barcelona,Betis,3-1
Sociedad,Real Madrid,0-4
Vallecano,Celta,3-0
Elche,Getafe,1-0
Malaga,Granada,4-1
Sevilla,Espanol,4-1
Valladolid,Valencia,0-0
Levante,Ath Bilbao,1-2
Osasuna,Valladolid,0-0
Celta,Sociedad,2-2
Granada,Barcelona,1-0
Real Madrid,Almeria,4-0
Villarreal,Levante,1-0
Betis,Sevilla,0-2
Getafe,Ath Madrid,0-2
Valencia,Elche,2-1
Espanol,Vallecano,2-2
Ath Bilbao,Malaga,3-0
Ath Madrid,Elche,2-0
Levante,Getafe,0-0
Osasuna,Valencia,1-1
Sociedad,Espanol,2-1
Almeria,Celta,2-4
Sevilla,Granada,4-0
Vallecano,Betis,3-1
Barcelona,Ath Bilbao,2-1
Malaga,Villarreal,2-0
Elche,Levante,1-1
Betis,Sociedad,0-1
Getafe,Malaga,1-0
Granada,Vallecano,0-3
Real Madrid,Osasuna,4-0
Ath Bilbao,Sevilla,3-1
Espanol,Almeria,1-2
Valencia,Ath Madrid,0-1
Villarreal,Barcelona,2-3
Celta,Valladolid,4-1
Vallecano,Ath Bilbao,0-3
Barcelona,Getafe,2-2
Malaga,Elche,0-1
Osasuna,Celta,0-2
Valladolid,Espanol,1-0
Almeria,Betis,3-2
Levante,Ath Madrid,2-0
Sevilla,Villarreal,0-0
Real Madrid,Valencia,2-2
Sociedad,Granada,1-1
Valladolid,Real Madrid,1-1
Levante,Valencia,2-0
Villarreal,Vallecano,4-0
Ath Bilbao,Sociedad,1-1
Ath Madrid,Malaga,1-1
Betis,Valladolid,4-3
Celta,Real Madrid,2-0
Elche,Barcelona,0-0
Espanol,Osasuna,1-1
Getafe,Sevilla,1-0
Granada,Almeria,0-2
Malaga,Levante,1-0
Barcelona,Ath Madrid,1-1
Real Madrid,Espanol,3-1
Valencia,Celta,2-1
Almeria,Ath Bilbao,0-0
Osasuna,Betis,2-1
Sevilla,Elche,3-1
Sociedad,Villarreal,1-2
Valladolid,Granada,0-1
Vallecano,Getafe,1-2
