Chievo,Inter,2-2
Milan,Livorno,2-2
Atalanta,Lecce,2-2
Brescia,Juventus,0-3
Cagliari,Bologna,1-0
Palermo,Siena,1-0
Parma,Messina,0-0
Reggina,Udinese,0-0
Roma,Fiorentina,1-0
Sampdoria,Lazio,0-1
Inter,Palermo,1-1
Lecce,Brescia,4-1
Bologna,Milan,0-2
Fiorentina,Cagliari,2-1
Juventus,Atalanta,2-0
Lazio,Reggina,1-1
Livorno,Chievo,1-2
Messina,Roma,4-3
Siena,Sampdoria,2-1
Udinese,Parma,4-0
Atalanta,Inter,2-3
Brescia,Lazio,0-2
Cagliari,Siena,2-0
Chievo,Udinese,0-0
Milan,Messina,1-2
Palermo,Fiorentina,0-0
Parma,Bologna,1-2
Reggina,Livorno,2-1
Roma,Lecce,2-2
Sampdoria,Juventus,0-3
Bologna,Roma,3-1
Juventus,Palermo,1-1
Fiorentina,Sampdoria,0-2
Inter,Parma,2-2
Lazio,Milan,1-2
Lecce,Cagliari,3-1
Livorno,Atalanta,1-1
Messina,Chievo,0-0
Siena,Reggina,0-0
Udinese,Brescia,1-2
Cagliari,Brescia,2-1
Chievo,Lecce,2-1
Atalanta,Lazio,1-1
Messina,Siena,4-1
Milan,Reggina,3-1
Palermo,Bologna,1-0
Parma,Fiorentina,0-0
Roma,Inter,3-3
Sampdoria,Livorno,2-0
Udinese,Juventus,0-1
Juventus,Messina,2-1
Livorno,Roma,0-2
Bologna,Atalanta,2-1
Brescia,Parma,3-1
Cagliari,Milan,0-1
Fiorentina,Siena,0-0
Inter,Udinese,3-1
Lazio,Chievo,0-1
Lecce,Palermo,2-0
Reggina,Sampdoria,0-1
Atalanta,Cagliari,2-2
Siena,Juventus,0-3
Chievo,Reggina,0-0
Livorno,Bologna,1-0
Messina,Lecce,1-4
Milan,Inter,0-0
Parma,Lazio,3-1
Roma,Palermo,1-1
Sampdoria,Brescia,0-1
Udinese,Fiorentina,2-2
Bologna,Udinese,0-1
Brescia,Siena,0-1
Cagliari,Parma,2-1
Chievo,Sampdoria,0-2
Lazio,Messina,2-0
Lecce,Inter,2-2
Milan,Atalanta,3-0
Palermo,Livorno,1-2
Reggina,Fiorentina,1-2
Juventus,Roma,2-0
Inter,Lazio,1-1
Sampdoria,Milan,0-1
Fiorentina,Lecce,4-0
Juventus,Chievo,3-0
Livorno,Brescia,2-1
Messina,Reggina,2-1
Parma,Atalanta,2-2
Roma,Cagliari,5-1
Siena,Bologna,1-1
Udinese,Palermo,1-0
Brescia,Chievo,1-0
Reggina,Juventus,2-1
Atalanta,Sampdoria,0-0
Bologna,Messina,2-2
Cagliari,Livorno,0-0
Fiorentina,Inter,1-1
Lazio,Siena,1-1
Lecce,Udinese,3-4
Milan,Roma,1-1
Palermo,Parma,1-1
Brescia,Milan,0-0
Chievo,Atalanta,1-0
Inter,Bologna,2-2
Juventus,Fiorentina,1-0
Livorno,Lazio,1-0
Parma,Reggina,1-0
Roma,Udinese,0-3
Sampdoria,Cagliari,0-0
Siena,Lecce,1-1
Messina,Palermo,0-0
Atalanta,Brescia,0-0
Cagliari,Inter,3-3
Fiorentina,Livorno,1-1
Lazio,Bologna,2-1
Lecce,Juventus,0-1
Milan,Siena,2-1
Palermo,Sampdoria,2-0
Parma,Chievo,2-2
Reggina,Roma,1-0
Udinese,Messina,1-1
Livorno,Udinese,1-2
Siena,Roma,0-4
Atalanta,Reggina,0-1
Bologna,Lecce,0-0
Brescia,Palermo,0-2
Chievo,Milan,0-1
Inter,Juventus,2-2
Lazio,Cagliari,2-3
Messina,Fiorentina,1-1
Sampdoria,Parma,1-0
Inter,Messina,5-0
Parma,Milan,1-2
Cagliari,Chievo,4-2
Fiorentina,Bologna,1-0
Juventus,Lazio,2-1
Lecce,Livorno,3-2
Palermo,Atalanta,1-0
Reggina,Brescia,1-3
Roma,Sampdoria,1-1
Udinese,Siena,1-0
Atalanta,Udinese,0-1
Lazio,Lecce,3-3
Bologna,Juventus,0-1
Brescia,Roma,0-1
Chievo,Palermo,2-1
Livorno,Parma,2-0
Milan,Fiorentina,6-0
Reggina,Cagliari,3-2
Sampdoria,Messina,1-0
Siena,Inter,2-2
Juventus,Milan,0-0
Bologna,Reggina,2-0
Fiorentina,Chievo,2-0
Inter,Brescia,1-0
Lecce,Sampdoria,1-4
Palermo,Cagliari,3-0
Roma,Parma,5-1
Siena,Livorno,1-1
Udinese,Lazio,3-0
Atalanta,Fiorentina,1-0
Brescia,Bologna,1-1
Cagliari,Messina,2-1
Chievo,Siena,1-3
Lazio,Roma,3-1
Livorno,Inter,0-2
Milan,Lecce,5-2
Parma,Juventus,1-1
Reggina,Palermo,1-0
Sampdoria,Udinese,2-0
Bologna,Chievo,3-1
Fiorentina,Lazio,2-3
Inter,Sampdoria,3-2
Juventus,Livorno,4-2
Lecce,Reggina,1-1
Messina,Brescia,2-0
Palermo,Milan,0-0
Roma,Atalanta,2-1
Siena,Parma,0-1
Udinese,Cagliari,2-0
Brescia,Fiorentina,1-1
Reggina,Inter,0-0
Atalanta,Siena,1-1
Cagliari,Juventus,1-1
Chievo,Roma,2-2
Lazio,Palermo,1-3
Livorno,Messina,3-1
Milan,Udinese,3-1
Parma,Lecce,2-1
Sampdoria,Bologna,0-0
Messina,Atalanta,1-0
Bologna,Cagliari,1-0
Inter,Chievo,1-1
Fiorentina,Roma,1-2
Juventus,Brescia,2-0
Lazio,Sampdoria,1-2
Lecce,Atalanta,1-0
Livorno,Milan,1-0
Messina,Parma,1-0
Siena,Palermo,0-0
Udinese,Reggina,0-2
Chievo,Livorno,1-0
Parma,Udinese,1-0
Atalanta,Juventus,1-2
Brescia,Lecce,0-1
Cagliari,Fiorentina,1-0
Milan,Bologna,0-1
Palermo,Inter,0-2
Reggina,Lazio,2-1
Roma,Messina,3-2
Sampdoria,Siena,1-1
Fiorentina,Palermo,1-2
Inter,Atalanta,1-0
Juventus,Sampdoria,0-1
Lazio,Brescia,0-0
Lecce,Roma,1-1
Livorno,Reggina,1-1
Messina,Milan,1-4
Siena,Cagliari,2-2
Udinese,Chievo,3-0
Bologna,Parma,3-1
Palermo,Juventus,1-0
Sampdoria,Fiorentina,3-0
Atalanta,Livorno,1-0
Brescia,Udinese,0-1
Cagliari,Lecce,3-1
Chievo,Messina,1-0
Milan,Lazio,2-1
Parma,Inter,2-2
Reggina,Siena,3-3
Roma,Bologna,1-1
Inter,Roma,2-0
Lazio,Atalanta,2-1
Bologna,Palermo,1-1
Brescia,Cagliari,2-0
Fiorentina,Parma,2-1
Juventus,Udinese,2-1
Lecce,Chievo,3-0
Livorno,Sampdoria,1-0
Reggina,Milan,0-1
Siena,Messina,2-2
Messina,Juventus,0-0
Milan,Cagliari,1-0
Udinese,Inter,1-1
Atalanta,Bologna,2-0
Chievo,Lazio,0-1
Palermo,Lecce,3-2
Parma,Brescia,2-1
Roma,Livorno,3-0
Sampdoria,Reggina,3-2
Siena,Fiorentina,1-0
Brescia,Sampdoria,0-1
Fiorentina,Udinese,2-2
Bologna,Livorno,0-0
Cagliari,Atalanta,3-3
Inter,Milan,0-1
Juventus,Siena,3-0
Lazio,Parma,2-0
Lecce,Messina,1-0
Palermo,Roma,2-0
Reggina,Chievo,1-0
Atalanta,Milan,1-2
Roma,Juventus,1-2
Fiorentina,Reggina,2-1
Inter,Lecce,2-1
Livorno,Palermo,2-2
Messina,Lazio,1-0
Parma,Cagliari,3-2
Sampdoria,Chievo,1-0
Siena,Brescia,2-3
Udinese,Bologna,0-1
Lazio,Inter,1-1
Lecce,Fiorentina,2-2
Atalanta,Parma,1-0
Bologna,Siena,1-1
Brescia,Livorno,2-3
Cagliari,Roma,3-0
Chievo,Juventus,0-1
Milan,Sampdoria,1-0
Palermo,Udinese,1-5
Reggina,Messina,0-2
Juventus,Reggina,1-0
Siena,Lazio,1-0
Chievo,Brescia,3-1
Inter,Fiorentina,3-2
Livorno,Cagliari,3-3
Messina,Bologna,0-0
Parma,Palermo,3-3
Roma,Milan,0-2
Sampdoria,Atalanta,1-2
Udinese,Lecce,2-1
Bologna,Inter,0-1
Fiorentina,Juventus,3-3
Milan,Brescia,1-1
Atalanta,Chievo,3-0
Cagliari,Sampdoria,0-0
Lazio,Livorno,3-1
Lecce,Siena,2-2
Palermo,Messina,2-1
Reggina,Parma,1-3
Udinese,Roma,3-3
Messina,Udinese,1-0
Roma,Reggina,1-2
Sampdoria,Palermo,1-0
Bologna,Lazio,1-2
Brescia,Atalanta,1-0
Chievo,Parma,2-0
Inter,Cagliari,2-0
Juventus,Lecce,5-2
Livorno,Fiorentina,2-0
Siena,Milan,2-1
Cagliari,Lazio,1-1
Fiorentina,Messina,1-1
Juventus,Inter,0-1
Lecce,Bologna,1-1
Milan,Chievo,1-0
Palermo,Brescia,3-3
Parma,Sampdoria,1-1
Reggina,Atalanta,0-0
Roma,Siena,0-2
Udinese,Livorno,1-1
Milan,Parma,3-0
Siena,Udinese,2-3
Atalanta,Palermo,1-0
Bologna,Fiorentina,0-0
Brescia,Reggina,2-0
Chievo,Cagliari,1-1
Lazio,Juventus,0-1
Livorno,Lecce,1-0
Messina,Inter,2-1
Sampdoria,Roma,2-1
Cagliari,Reggina,1-1
Fiorentina,Milan,1-2
Inter,Siena,2-0
Juventus,Bologna,2-1
Lecce,Lazio,5-3
Messina,Sampdoria,2-2
Palermo,Chievo,2-2
Parma,Livorno,6-4
Roma,Brescia,2-2
Udinese,Atalanta,2-1
Atalanta,Messina,2-1
Brescia,Inter,0-3
Cagliari,Palermo,0-0
Chievo,Fiorentina,1-2
Lazio,Udinese,0-1
Livorno,Siena,3-6
Milan,Juventus,0-1
Parma,Roma,2-1
Reggina,Bologna,1-1
Sampdoria,Lecce,3-0
Bologna,Brescia,1-2
Fiorentina,Atalanta,0-0
Inter,Livorno,1-0
Juventus,Parma,2-0
Lecce,Milan,2-2
Messina,Cagliari,2-1
Palermo,Reggina,1-1
Roma,Lazio,0-0
Siena,Chievo,0-1
Udinese,Sampdoria,1-1
Milan,Palermo,3-3
Atalanta,Roma,0-1
Brescia,Messina,2-1
Cagliari,Udinese,1-1
Chievo,Bologna,1-0
Lazio,Fiorentina,1-1
Livorno,Juventus,2-2
Parma,Siena,0-0
Reggina,Lecce,2-2
Sampdoria,Inter,0-1
Bologna,Sampdoria,0-0
Fiorentina,Brescia,3-0
Inter,Reggina,0-0
Juventus,Cagliari,4-2
Lecce,Parma,3-3
Messina,Livorno,1-1
Palermo,Lazio,3-3
Roma,Chievo,0-0
Siena,Atalanta,2-1
Udinese,Milan,1-1
Fiorentina,Sampdoria,2-1
Livorno,Lecce,2-1
Ascoli,Milan,1-1
Inter,Treviso,3-0
Juventus,Chievo,1-0
Lazio,Messina,1-0
Parma,Palermo,1-1
Reggina,Roma,0-3
Siena,Cagliari,2-1
Udinese,Empoli,1-0
Milan,Siena,3-1
Palermo,Inter,3-2
Cagliari,Lazio,1-1
Chievo,Parma,1-0
Empoli,Juventus,0-4
Lecce,Ascoli,0-0
Messina,Fiorentina,2-2
Roma,Udinese,0-1
Sampdoria,Reggina,3-2
Treviso,Livorno,0-1
Inter,Lecce,3-0
Parma,Empoli,1-0
Cagliari,Messina,1-1
Fiorentina,Udinese,4-2
Juventus,Ascoli,2-1
Lazio,Treviso,3-1
Livorno,Roma,0-0
Reggina,Chievo,1-3
Sampdoria,Milan,2-1
Siena,Palermo,1-2
Ascoli,Siena,1-1
Chievo,Inter,0-1
Empoli,Cagliari,3-1
Lecce,Fiorentina,1-3
Messina,Livorno,0-0
Milan,Lazio,2-0
Palermo,Reggina,1-0
Roma,Parma,4-1
Treviso,Sampdoria,0-2
Udinese,Juventus,0-1
Parma,Juventus,1-2
Reggina,Udinese,2-0
Cagliari,Roma,0-0
Empoli,Lecce,1-0
Inter,Fiorentina,1-0
Lazio,Palermo,4-2
Livorno,Ascoli,2-0
Sampdoria,Chievo,1-2
Siena,Messina,4-2
Treviso,Milan,0-2
Chievo,Treviso,0-0
Udinese,Lazio,3-0
Ascoli,Parma,3-1
Fiorentina,Livorno,3-2
Juventus,Inter,2-0
Lecce,Cagliari,3-0
Messina,Sampdoria,1-4
Milan,Reggina,2-1
Palermo,Empoli,2-2
Roma,Siena,2-3
Juventus,Messina,1-0
Siena,Udinese,2-3
Ascoli,Sampdoria,2-1
Cagliari,Milan,0-2
Empoli,Roma,1-0
Inter,Livorno,5-0
Lazio,Fiorentina,1-0
Palermo,Chievo,2-2
Parma,Treviso,1-1
Reggina,Lecce,2-0
Fiorentina,Parma,4-1
Messina,Ascoli,1-1
Chievo,Cagliari,2-1
Lecce,Juventus,0-3
Livorno,Reggina,1-0
Milan,Palermo,2-1
Roma,Lazio,1-1
Sampdoria,Siena,3-3
Treviso,Empoli,1-2
Udinese,Inter,0-1
Ascoli,Udinese,1-1
Cagliari,Livorno,1-1
Empoli,Milan,1-3
Inter,Roma,2-3
Juventus,Sampdoria,2-0
Lazio,Chievo,2-2
Palermo,Lecce,3-0
Parma,Messina,1-1
Reggina,Treviso,1-2
Siena,Fiorentina,0-2
Milan,Juventus,3-1
Sampdoria,Inter,2-2
Chievo,Empoli,2-2
Fiorentina,Cagliari,2-1
Lecce,Messina,0-2
Livorno,Parma,2-0
Reggina,Lazio,1-0
Roma,Ascoli,2-1
Treviso,Siena,0-1
Udinese,Palermo,0-0
Empoli,Reggina,3-0
Lazio,Inter,0-0
Ascoli,Fiorentina,0-2
Cagliari,Treviso,0-0
Juventus,Livorno,3-0
Messina,Roma,0-2
Milan,Udinese,5-1
Palermo,Sampdoria,0-2
Parma,Lecce,2-0
Siena,Chievo,0-1
Roma,Juventus,1-4
Udinese,Messina,1-0
Chievo,Ascoli,1-1
Fiorentina,Milan,3-1
Inter,Parma,2-0
Lecce,Siena,3-0
Livorno,Empoli,2-0
Reggina,Cagliari,3-1
Sampdoria,Lazio,2-0
Treviso,Palermo,2-2
Livorno,Chievo,0-0
Milan,Lecce,2-1
Ascoli,Palermo,1-1
Cagliari,Sampdoria,2-0
Empoli,Lazio,2-3
Juventus,Treviso,3-1
Messina,Inter,1-2
Parma,Udinese,1-2
Roma,Fiorentina,1-1
Siena,Reggina,0-0
Chievo,Milan,2-1
Inter,Ascoli,1-0
Fiorentina,Juventus,1-2
Lazio,Siena,3-2
Lecce,Roma,2-2
Palermo,Cagliari,2-2
Reggina,Parma,2-1
Sampdoria,Empoli,2-0
Treviso,Messina,0-0
Udinese,Livorno,0-2
Fiorentina,Treviso,1-0
Siena,Empoli,1-0
Ascoli,Reggina,1-1
Inter,Milan,3-2
Juventus,Cagliari,4-0
Livorno,Lazio,2-1
Messina,Chievo,2-0
Parma,Sampdoria,1-1
Roma,Palermo,1-2
Udinese,Lecce,1-2
Lazio,Juventus,1-1
Treviso,Lecce,2-1
Cagliari,Ascoli,2-1
Chievo,Udinese,2-0
Empoli,Fiorentina,1-1
Milan,Messina,4-0
Palermo,Livorno,0-2
Reggina,Inter,0-4
Sampdoria,Roma,1-1
Siena,Parma,2-2
Ascoli,Treviso,1-0
Fiorentina,Palermo,1-0
Inter,Empoli,4-1
Juventus,Siena,2-0
Lecce,Lazio,0-0
Livorno,Milan,0-3
Messina,Reggina,1-1
Parma,Cagliari,1-0
Roma,Chievo,4-0
Udinese,Sampdoria,2-0
Palermo,Juventus,1-2
Reggina,Fiorentina,1-1
Cagliari,Udinese,2-1
Chievo,Lecce,3-1
Empoli,Messina,1-3
Lazio,Ascoli,4-1
Milan,Parma,4-3
Sampdoria,Livorno,0-2
Siena,Inter,0-0
Treviso,Roma,0-1
Lecce,Sampdoria,0-3
Messina,Palermo,0-0
Ascoli,Empoli,3-1
Fiorentina,Chievo,2-1
Inter,Cagliari,3-2
Juventus,Reggina,1-0
Livorno,Siena,2-2
Parma,Lazio,1-1
Roma,Milan,1-0
Udinese,Treviso,2-2
Cagliari,Siena,1-0
Chievo,Juventus,1-1
Empoli,Udinese,1-1
Lecce,Livorno,0-0
Messina,Lazio,1-1
Milan,Ascoli,1-0
Palermo,Parma,4-2
Roma,Reggina,3-1
Sampdoria,Fiorentina,3-1
Treviso,Inter,0-1
Inter,Palermo,3-0
Lazio,Cagliari,1-1
Ascoli,Lecce,2-0
Fiorentina,Messina,2-0
Juventus,Empoli,2-1
Livorno,Treviso,1-1
Parma,Chievo,2-1
Reggina,Sampdoria,2-1
Siena,Milan,0-3
Udinese,Roma,1-4
Milan,Sampdoria,1-1
Palermo,Siena,1-3
Ascoli,Juventus,1-3
Chievo,Reggina,4-0
Empoli,Parma,1-2
Lecce,Inter,0-2
Messina,Cagliari,1-0
Roma,Livorno,3-0
Treviso,Lazio,0-1
Udinese,Fiorentina,0-0
Parma,Roma,0-3
Siena,Ascoli,1-1
Cagliari,Empoli,4-1
Fiorentina,Lecce,1-0
Inter,Chievo,1-0
Juventus,Udinese,1-0
Lazio,Milan,0-0
Livorno,Messina,2-2
Reggina,Palermo,2-2
Sampdoria,Treviso,1-1
Ascoli,Livorno,0-0
Chievo,Sampdoria,1-1
Fiorentina,Inter,2-1
Juventus,Parma,1-1
Lecce,Empoli,1-2
Messina,Siena,0-0
Milan,Treviso,5-0
Palermo,Lazio,3-1
Roma,Cagliari,4-3
Udinese,Reggina,1-2
Lazio,Udinese,1-1
Treviso,Chievo,1-2
Cagliari,Lecce,0-0
Empoli,Palermo,0-1
Inter,Juventus,1-2
Livorno,Fiorentina,2-0
Parma,Ascoli,0-0
Reggina,Milan,1-4
Sampdoria,Messina,4-2
Siena,Roma,0-2
Livorno,Inter,0-0
Messina,Juventus,2-2
Milan,Cagliari,1-0
Chievo,Palermo,0-0
Fiorentina,Lazio,1-2
Lecce,Reggina,0-0
Roma,Empoli,1-0
Sampdoria,Ascoli,1-2
Treviso,Parma,0-1
Udinese,Siena,1-2
Parma,Fiorentina,2-4
Reggina,Livorno,1-1
Ascoli,Messina,1-0
Cagliari,Chievo,2-2
Empoli,Treviso,1-1
Inter,Udinese,3-1
Juventus,Lecce,3-1
Lazio,Roma,0-2
Palermo,Milan,0-2
Siena,Sampdoria,1-0
Milan,Empoli,3-0
Sampdoria,Juventus,0-1
Chievo,Lazio,2-2
Fiorentina,Siena,2-1
Lecce,Palermo,2-0
Livorno,Cagliari,0-1
Messina,Parma,0-1
Roma,Inter,1-1
Treviso,Reggina,0-1
Udinese,Ascoli,1-1
Inter,Sampdoria,1-0
Siena,Treviso,1-0
Ascoli,Roma,3-2
Empoli,Chievo,2-1
Juventus,Milan,0-0
Lazio,Reggina,3-1
Messina,Lecce,2-1
Palermo,Udinese,2-0
Parma,Livorno,2-1
Livorno,Juventus,1-3
Treviso,Cagliari,1-2
Chievo,Siena,4-1
Fiorentina,Ascoli,3-1
Inter,Lazio,3-1
Lecce,Parma,1-2
Reggina,Empoli,0-2
Roma,Messina,2-1
Sampdoria,Palermo,0-2
Udinese,Milan,0-4
Cagliari,Fiorentina,0-0
Ascoli,Chievo,2-2
Cagliari,Reggina,0-2
Empoli,Livorno,2-1
Juventus,Roma,1-1
Lazio,Sampdoria,2-0
Messina,Udinese,1-1
Milan,Fiorentina,3-1
Palermo,Treviso,1-0
Parma,Inter,1-0
Siena,Lecce,1-2
Inter,Messina,3-0
Lecce,Milan,1-0
Treviso,Juventus,0-0
Chievo,Livorno,2-1
Fiorentina,Roma,1-1
Lazio,Empoli,3-3
Palermo,Ascoli,1-1
Reggina,Siena,1-1
Sampdoria,Cagliari,1-1
Udinese,Parma,2-0
Ascoli,Inter,1-2
Livorno,Udinese,0-2
Cagliari,Palermo,1-1
Empoli,Sampdoria,2-1
Juventus,Fiorentina,1-1
Messina,Treviso,3-1
Milan,Chievo,4-1
Parma,Reggina,4-0
Roma,Lecce,3-1
Siena,Lazio,2-3
Milan,Inter,1-0
Cagliari,Juventus,1-1
Chievo,Messina,2-0
Empoli,Siena,2-1
Lazio,Livorno,3-1
Lecce,Udinese,1-2
Palermo,Roma,3-3
Reggina,Ascoli,2-0
Sampdoria,Parma,1-2
Treviso,Fiorentina,1-3
Ascoli,Cagliari,2-2
Fiorentina,Empoli,2-1
Inter,Reggina,4-0
Juventus,Lazio,1-1
Lecce,Treviso,1-1
Livorno,Palermo,3-1
Messina,Milan,1-3
Parma,Siena,1-1
Roma,Sampdoria,0-0
Udinese,Chievo,1-1
Cagliari,Parma,3-1
Chievo,Roma,4-4
Empoli,Inter,1-0
Lazio,Lecce,1-0
Milan,Livorno,2-0
Palermo,Fiorentina,1-0
Reggina,Messina,3-0
Sampdoria,Udinese,1-1
Siena,Juventus,0-3
Treviso,Ascoli,2-2
Ascoli,Lazio,1-4
Fiorentina,Reggina,5-2
Inter,Siena,1-1
Juventus,Palermo,2-1
Lecce,Chievo,0-0
Livorno,Sampdoria,0-0
Messina,Empoli,1-2
Parma,Milan,2-3
Roma,Treviso,1-0
Udinese,Cagliari,2-0
Cagliari,Inter,2-2
Chievo,Fiorentina,0-2
Empoli,Ascoli,1-2
Lazio,Parma,1-0
Milan,Roma,2-1
Palermo,Messina,1-0
Reggina,Juventus,0-2
Sampdoria,Lecce,1-3
Siena,Livorno,0-0
Treviso,Udinese,2-1
Fiorentina,Inter,2-3
Roma,Livorno,2-0
Atalanta,Ascoli,3-1
Cagliari,Catania,0-1
Chievo,Siena,1-2
Messina,Udinese,1-0
Milan,Lazio,2-1
Palermo,Reggina,4-3
Sampdoria,Empoli,1-2
Torino,Parma,1-1
Inter,Sampdoria,1-1
Reggina,Cagliari,2-1
Ascoli,Messina,1-1
Catania,Atalanta,0-0
Empoli,Chievo,1-1
Lazio,Palermo,1-2
Livorno,Fiorentina,1-0
Parma,Milan,0-2
Siena,Roma,1-3
Udinese,Torino,2-0
Atalanta,Empoli,0-0
Cagliari,Livorno,2-2
Chievo,Lazio,0-1
Fiorentina,Parma,1-0
Messina,Reggina,2-0
Milan,Ascoli,1-0
Palermo,Catania,5-3
Roma,Inter,0-1
Sampdoria,Udinese,3-3
Torino,Siena,1-2
Catania,Messina,2-2
Livorno,Milan,0-0
Ascoli,Sampdoria,1-1
Empoli,Palermo,2-0
Inter,Chievo,4-3
Lazio,Atalanta,1-0
Parma,Roma,0-4
Reggina,Torino,1-1
Siena,Cagliari,0-0
Udinese,Fiorentina,1-0
Atalanta,Reggina,1-1
Torino,Lazio,0-4
Cagliari,Inter,1-1
Chievo,Palermo,0-1
Fiorentina,Catania,3-0
Messina,Livorno,0-1
Milan,Siena,0-0
Roma,Empoli,1-0
Sampdoria,Parma,3-2
Udinese,Ascoli,0-0
Sampdoria,Milan,1-1
Siena,Messina,3-1
Ascoli,Livorno,0-2
Empoli,Fiorentina,1-2
Inter,Catania,2-1
Lazio,Cagliari,0-0
Palermo,Atalanta,2-3
Parma,Udinese,0-3
Reggina,Roma,1-0
Torino,Chievo,1-0
Cagliari,Torino,0-0
Messina,Empoli,2-2
Atalanta,Sampdoria,3-2
Catania,Lazio,3-1
Fiorentina,Reggina,3-0
Livorno,Siena,0-0
Milan,Palermo,0-2
Parma,Ascoli,1-0
Roma,Chievo,1-1
Udinese,Inter,0-0
Atalanta,Cagliari,3-3
Chievo,Milan,0-1
Empoli,Udinese,1-1
Inter,Livorno,4-1
Palermo,Messina,2-1
Reggina,Parma,3-2
Roma,Ascoli,2-2
Sampdoria,Lazio,2-0
Siena,Catania,1-1
Torino,Fiorentina,0-1
Milan,Inter,3-4
Udinese,Roma,0-1
Ascoli,Siena,0-1
Cagliari,Sampdoria,1-0
Catania,Torino,1-1
Fiorentina,Palermo,2-3
Lazio,Reggina,0-0
Livorno,Empoli,0-0
Messina,Chievo,2-1
Parma,Atalanta,3-1
Reggina,Catania,0-1
Siena,Parma,2-2
Atalanta,Milan,2-0
Chievo,Cagliari,0-0
Empoli,Lazio,1-1
Inter,Ascoli,2-0
Livorno,Udinese,1-0
Palermo,Sampdoria,2-0
Roma,Fiorentina,3-1
Torino,Messina,1-1
Fiorentina,Atalanta,3-1
Milan,Roma,1-2
Ascoli,Empoli,0-1
Catania,Livorno,3-2
Lazio,Udinese,5-0
Messina,Cagliari,2-2
Palermo,Torino,3-0
Parma,Inter,1-2
Sampdoria,Chievo,3-0
Siena,Reggina,0-1
Cagliari,Palermo,1-0
Empoli,Milan,0-0
Ascoli,Fiorentina,1-1
Chievo,Atalanta,2-2
Inter,Reggina,1-0
Livorno,Parma,3-0
Messina,Lazio,1-4
Roma,Catania,7-0
Torino,Sampdoria,1-0
Udinese,Siena,3-0
Chievo,Udinese,2-0
Milan,Messina,1-0
Atalanta,Torino,1-2
Catania,Parma,2-0
Empoli,Cagliari,1-0
Lazio,Ascoli,3-1
Palermo,Inter,1-2
Reggina,Livorno,2-2
Sampdoria,Roma,2-4
Siena,Fiorentina,1-1
Inter,Siena,2-0
Roma,Atalanta,2-1
Ascoli,Catania,2-2
Cagliari,Milan,2-2
Fiorentina,Lazio,1-0
Livorno,Chievo,0-2
Messina,Sampdoria,0-2
Parma,Palermo,0-0
Torino,Empoli,1-0
Udinese,Reggina,1-1
Palermo,Livorno,3-0
Reggina,Ascoli,2-1
Atalanta,Messina,3-2
Cagliari,Parma,0-0
Catania,Udinese,1-0
Chievo,Fiorentina,0-1
Empoli,Inter,0-3
Lazio,Roma,3-0
Milan,Torino,0-0
Sampdoria,Siena,0-0
Fiorentina,Milan,2-2
Udinese,Cagliari,3-1
Ascoli,Torino,0-2
Inter,Messina,2-0
Livorno,Lazio,1-1
Parma,Chievo,2-2
Reggina,Sampdoria,0-1
Roma,Palermo,4-0
Siena,Atalanta,1-1
Atalanta,Udinese,1-2
Cagliari,Fiorentina,0-2
Chievo,Reggina,3-2
Empoli,Siena,1-0
Lazio,Inter,0-2
Messina,Parma,1-1
Milan,Catania,3-0
Palermo,Ascoli,4-0
Sampdoria,Livorno,4-1
Torino,Roma,1-2
Ascoli,Chievo,3-0
Catania,Sampdoria,4-2
Fiorentina,Messina,4-0
Inter,Atalanta,2-1
Livorno,Torino,1-1
Parma,Lazio,1-3
Reggina,Empoli,4-1
Roma,Cagliari,2-0
Siena,Palermo,1-1
Udinese,Milan,0-3
Empoli,Parma,2-0
Torino,Inter,1-3
Atalanta,Livorno,5-1
Cagliari,Ascoli,1-0
Chievo,Catania,2-1
Lazio,Siena,1-1
Messina,Roma,1-1
Milan,Reggina,3-1
Palermo,Udinese,2-0
Sampdoria,Fiorentina,0-0
Ascoli,Atalanta,1-3
Reggina,Palermo,0-0
Catania,Cagliari,0-1
Empoli,Sampdoria,2-0
Inter,Fiorentina,3-1
Lazio,Milan,0-0
Livorno,Roma,1-1
Parma,Torino,1-0
Siena,Chievo,2-1
Udinese,Messina,1-0
Catania,Empoli,2-1
Palermo,Lazio,0-3
Torino,Udinese,2-3
Atalanta,Catania,1-1
Cagliari,Reggina,0-2
Chievo,Empoli,0-0
Fiorentina,Livorno,2-1
Messina,Ascoli,1-2
Milan,Parma,1-0
Roma,Siena,1-0
Sampdoria,Inter,0-2
Catania,Palermo,1-2
Atalanta,Lazio,0-0
Cagliari,Siena,2-2
Chievo,Inter,0-2
Fiorentina,Udinese,2-0
Messina,Catania,1-1
Milan,Livorno,2-1
Palermo,Empoli,0-1
Roma,Parma,3-0
Sampdoria,Ascoli,2-0
Torino,Reggina,1-2
Empoli,Roma,1-0
Inter,Cagliari,1-0
Siena,Milan,3-4
Ascoli,Udinese,2-2
Catania,Fiorentina,0-1
Lazio,Torino,2-0
Livorno,Messina,2-1
Palermo,Chievo,1-1
Parma,Sampdoria,0-1
Reggina,Atalanta,1-1
Atalanta,Palermo,1-1
Chievo,Torino,3-0
Cagliari,Lazio,0-2
Catania,Inter,2-5
Fiorentina,Empoli,2-0
Livorno,Ascoli,0-0
Messina,Siena,1-0
Milan,Sampdoria,1-0
Roma,Reggina,3-0
Udinese,Parma,3-3
Ascoli,Parma,0-0
Chievo,Roma,2-2
Empoli,Messina,3-1
Inter,Udinese,1-1
Lazio,Catania,3-1
Palermo,Milan,0-0
Reggina,Fiorentina,1-1
Sampdoria,Atalanta,2-1
Siena,Livorno,0-0
Torino,Cagliari,1-0
Ascoli,Roma,1-1
Livorno,Inter,1-2
Milan,Chievo,3-1
Cagliari,Atalanta,2-0
Catania,Siena,1-1
Fiorentina,Torino,5-1
Lazio,Sampdoria,1-0
Messina,Palermo,2-0
Parma,Reggina,2-2
Udinese,Empoli,0-1
Sampdoria,Cagliari,1-1
Atalanta,Parma,1-1
Chievo,Messina,1-1
Empoli,Livorno,2-2
Inter,Milan,2-1
Palermo,Fiorentina,1-1
Reggina,Lazio,2-3
Roma,Udinese,3-1
Siena,Ascoli,0-1
Torino,Catania,1-0
Sampdoria,Palermo,1-1
Ascoli,Inter,1-2
Cagliari,Chievo,0-2
Catania,Reggina,1-4
Fiorentina,Roma,0-0
Lazio,Empoli,3-1
Messina,Torino,0-3
Milan,Atalanta,1-0
Parma,Siena,1-0
Udinese,Livorno,4-0
Reggina,Siena,0-1
Roma,Milan,1-1
Atalanta,Fiorentina,2-2
Cagliari,Messina,2-0
Chievo,Sampdoria,1-1
Empoli,Ascoli,4-1
Inter,Parma,2-0
Livorno,Catania,4-1
Torino,Palermo,0-0
Udinese,Lazio,2-4
Atalanta,Chievo,1-0
Catania,Roma,0-2
Fiorentina,Ascoli,4-0
Lazio,Messina,1-0
Milan,Empoli,3-1
Palermo,Cagliari,1-3
Parma,Livorno,1-0
Reggina,Inter,0-0
Sampdoria,Torino,1-0
Siena,Udinese,2-2
Cagliari,Empoli,0-0
Udinese,Chievo,2-1
Ascoli,Lazio,2-2
Fiorentina,Siena,1-0
Inter,Palermo,2-2
Livorno,Reggina,1-1
Messina,Milan,1-3
Parma,Catania,1-1
Roma,Sampdoria,4-0
Torino,Atalanta,1-2
Ascoli,Milan,2-5
Empoli,Atalanta,2-0
Inter,Roma,1-3
Lazio,Chievo,0-0
Livorno,Cagliari,2-1
Parma,Fiorentina,2-0
Reggina,Messina,3-1
Siena,Torino,1-0
Udinese,Sampdoria,1-0
Milan,Cagliari,3-1
Sampdoria,Messina,3-1
Atalanta,Roma,2-1
Chievo,Livorno,2-1
Empoli,Torino,0-0
Lazio,Fiorentina,0-1
Palermo,Parma,3-4
Reggina,Udinese,1-1
Siena,Inter,1-2
Fiorentina,Chievo,1-0
Torino,Milan,0-1
Ascoli,Reggina,2-3
Inter,Empoli,3-1
Livorno,Palermo,1-2
Messina,Atalanta,0-0
Parma,Cagliari,2-1
Roma,Lazio,0-0
Siena,Sampdoria,0-2
Udinese,Catania,0-1
Catania,Ascoli,3-3
Atalanta,Siena,3-1
Cagliari,Udinese,2-1
Chievo,Parma,1-0
Empoli,Catania,2-1
Lazio,Livorno,1-0
Messina,Inter,0-1
Milan,Fiorentina,0-0
Palermo,Roma,1-2
Sampdoria,Reggina,0-0
Torino,Ascoli,1-0
Ascoli,Palermo,3-2
Catania,Milan,1-1
Fiorentina,Cagliari,1-0
Inter,Lazio,4-3
Livorno,Sampdoria,1-0
Parma,Messina,4-1
Reggina,Chievo,1-1
Roma,Torino,0-1
Siena,Empoli,2-0
Udinese,Atalanta,2-3
Milan,Udinese,2-3
Atalanta,Inter,1-1
Cagliari,Roma,3-2
Chievo,Ascoli,1-0
Empoli,Reggina,3-3
Lazio,Parma,0-0
Messina,Fiorentina,2-2
Palermo,Siena,2-1
Sampdoria,Catania,1-0
Torino,Livorno,0-0
Ascoli,Cagliari,2-1
Catania,Chievo,2-0
Fiorentina,Sampdoria,5-1
Inter,Torino,3-0
Livorno,Atalanta,4-2
Parma,Empoli,3-1
Reggina,Milan,2-0
Roma,Messina,4-3
Siena,Lazio,2-1
Udinese,Palermo,1-2
Juventus,Livorno,5-1
Lazio,Torino,2-2
Fiorentina,Empoli,3-1
Genoa,Milan,0-3
Inter,Udinese,1-1
Napoli,Cagliari,0-2
Palermo,Roma,0-2
Parma,Catania,2-2
Reggina,Atalanta,1-1
Siena,Sampdoria,1-2
Empoli,Inter,0-2
Atalanta,Parma,2-0
Cagliari,Juventus,2-3
Catania,Genoa,0-0
Livorno,Palermo,2-4
Roma,Siena,3-0
Sampdoria,Lazio,0-0
Torino,Reggina,2-2
Udinese,Napoli,0-5
Milan,Fiorentina,1-1
Lazio,Empoli,0-0
Siena,Milan,1-1
Fiorentina,Atalanta,2-2
Genoa,Livorno,1-1
Inter,Catania,2-0
Juventus,Udinese,0-1
Napoli,Sampdoria,2-0
Palermo,Torino,1-1
Parma,Cagliari,1-1
Reggina,Roma,0-2
Milan,Parma,1-1
Udinese,Reggina,2-0
Atalanta,Lazio,2-1
Cagliari,Palermo,0-1
Catania,Fiorentina,0-1
Empoli,Napoli,0-0
Livorno,Inter,2-2
Roma,Juventus,2-2
Sampdoria,Genoa,0-0
Torino,Siena,1-1
Catania,Empoli,1-0
Fiorentina,Roma,2-2
Genoa,Udinese,3-2
Inter,Sampdoria,3-0
Juventus,Reggina,4-0
Lazio,Cagliari,3-1
Napoli,Livorno,1-0
Palermo,Milan,2-1
Parma,Torino,2-0
Siena,Atalanta,1-1
Livorno,Fiorentina,0-3
Roma,Inter,1-4
Cagliari,Siena,1-0
Empoli,Palermo,3-1
Milan,Catania,1-1
Napoli,Genoa,1-2
Reggina,Lazio,1-1
Sampdoria,Atalanta,3-0
Torino,Juventus,0-1
Udinese,Parma,2-1
Atalanta,Udinese,0-0
Inter,Napoli,2-1
Catania,Livorno,1-0
Fiorentina,Juventus,1-1
Genoa,Cagliari,2-0
Lazio,Milan,1-5
Palermo,Reggina,1-1
Parma,Roma,0-3
Siena,Empoli,3-0
Torino,Sampdoria,1-0
Reggina,Inter,0-1
Roma,Napoli,4-4
Atalanta,Torino,2-2
Cagliari,Catania,1-1
Fiorentina,Siena,3-0
Juventus,Genoa,1-0
Livorno,Lazio,0-1
Milan,Empoli,0-1
Sampdoria,Parma,3-0
Udinese,Palermo,1-1
Napoli,Juventus,3-1
Torino,Cagliari,2-0
Catania,Sampdoria,2-0
Empoli,Atalanta,0-1
Genoa,Fiorentina,0-0
Lazio,Udinese,0-1
Milan,Roma,0-1
Palermo,Inter,0-0
Parma,Livorno,3-2
Siena,Reggina,0-0
Atalanta,Cagliari,2-2
Fiorentina,Napoli,1-0
Inter,Genoa,4-1
Juventus,Empoli,3-0
Palermo,Parma,1-1
Reggina,Livorno,1-3
Roma,Lazio,3-2
Sampdoria,Milan,0-5
Siena,Catania,1-1
Udinese,Torino,2-1
Lazio,Fiorentina,0-1
Milan,Torino,0-0
Cagliari,Sampdoria,0-3
Catania,Atalanta,1-2
Empoli,Roma,2-2
Genoa,Palermo,3-3
Juventus,Inter,1-1
Livorno,Udinese,0-0
Napoli,Reggina,1-1
Parma,Siena,2-2
Palermo,Napoli,2-1
Sampdoria,Empoli,3-0
Fiorentina,Udinese,1-2
Parma,Juventus,2-2
Reggina,Genoa,2-0
Siena,Livorno,2-3
Torino,Catania,1-1
Genoa,Roma,0-1
Inter,Atalanta,2-1
Cagliari,Milan,1-2
Empoli,Torino,0-0
Juventus,Palermo,5-0
Lazio,Parma,1-0
Livorno,Sampdoria,3-1
Napoli,Catania,2-0
Reggina,Fiorentina,0-0
Udinese,Siena,2-0
Milan,Juventus,0-0
Sampdoria,Reggina,3-0
Atalanta,Napoli,5-1
Cagliari,Livorno,0-0
Catania,Palermo,3-1
Fiorentina,Inter,0-2
Parma,Empoli,1-0
Roma,Udinese,2-1
Siena,Lazio,1-1
Torino,Genoa,1-1
Inter,Lazio,3-0
Roma,Cagliari,2-0
Lazio,Catania,2-0
Palermo,Fiorentina,2-0
Empoli,Cagliari,4-1
Genoa,Siena,1-3
Inter,Torino,4-0
Juventus,Atalanta,1-0
Livorno,Roma,1-1
Napoli,Parma,1-0
Udinese,Sampdoria,3-2
Catania,Udinese,2-0
Lazio,Juventus,2-3
Atalanta,Palermo,1-3
Cagliari,Inter,0-2
Empoli,Genoa,1-1
Parma,Reggina,3-0
Sampdoria,Fiorentina,2-2
Siena,Napoli,1-1
Torino,Roma,0-0
Genoa,Parma,1-0
Roma,Sampdoria,2-0
Fiorentina,Cagliari,5-1
Inter,Milan,2-1
Juventus,Siena,2-0
Livorno,Atalanta,1-1
Napoli,Torino,1-1
Palermo,Lazio,2-2
Reggina,Catania,3-1
Udinese,Empoli,2-2
Catania,Juventus,1-1
Empoli,Reggina,1-1
Atalanta,Roma,1-2
Cagliari,Udinese,0-1
Lazio,Genoa,1-2
Milan,Napoli,5-2
Parma,Fiorentina,1-2
Sampdoria,Palermo,3-0
Siena,Inter,2-3
Torino,Livorno,1-2
Fiorentina,Torino,2-1
Genoa,Atalanta,2-1
Inter,Parma,3-2
Juventus,Sampdoria,0-0
Livorno,Empoli,1-0
Napoli,Lazio,2-2
Palermo,Siena,2-3
Reggina,Cagliari,2-0
Roma,Catania,2-0
Udinese,Milan,0-1
Atalanta,Milan,2-1
Roma,Palermo,1-0
Sampdoria,Siena,1-0
Atalanta,Reggina,2-2
Cagliari,Napoli,2-1
Catania,Parma,0-0
Empoli,Fiorentina,0-2
Livorno,Juventus,1-3
Milan,Genoa,2-0
Torino,Lazio,0-0
Udinese,Inter,0-0
Reggina,Milan,0-1
Napoli,Udinese,3-1
Palermo,Livorno,1-0
Fiorentina,Milan,0-1
Genoa,Catania,2-1
Inter,Empoli,1-0
Juventus,Cagliari,1-1
Lazio,Sampdoria,2-1
Parma,Atalanta,2-3
Reggina,Torino,1-3
Siena,Roma,3-0
Atalanta,Fiorentina,2-2
Roma,Reggina,2-0
Cagliari,Parma,1-1
Catania,Inter,0-2
Empoli,Lazio,1-0
Livorno,Genoa,1-1
Milan,Siena,1-0
Sampdoria,Napoli,2-0
Torino,Palermo,3-1
Udinese,Juventus,1-2
Milan,Livorno,1-1
Inter,Livorno,2-0
Juventus,Roma,1-0
Parma,Milan,0-0
Fiorentina,Catania,2-1
Genoa,Sampdoria,0-1
Lazio,Atalanta,3-0
Napoli,Empoli,1-3
Palermo,Cagliari,2-1
Reggina,Udinese,1-3
Siena,Torino,0-0
Reggina,Juventus,2-1
Torino,Parma,4-4
Atalanta,Siena,2-2
Cagliari,Lazio,1-0
Empoli,Catania,2-0
Livorno,Napoli,1-2
Milan,Palermo,2-1
Roma,Fiorentina,1-0
Sampdoria,Inter,1-1
Udinese,Genoa,3-5
Juventus,Torino,0-0
Atalanta,Sampdoria,4-1
Catania,Milan,1-1
Fiorentina,Livorno,1-0
Genoa,Napoli,2-0
Inter,Roma,1-1
Lazio,Reggina,1-0
Palermo,Empoli,2-0
Parma,Udinese,2-0
Siena,Cagliari,1-0
Milan,Lazio,1-1
Roma,Parma,4-0
Cagliari,Genoa,2-1
Empoli,Siena,0-2
Juventus,Fiorentina,2-3
Livorno,Catania,1-0
Napoli,Inter,1-0
Reggina,Palermo,0-0
Sampdoria,Torino,2-2
Udinese,Atalanta,2-0
Inter,Reggina,2-0
Palermo,Udinese,1-1
Catania,Cagliari,2-1
Empoli,Milan,1-3
Genoa,Juventus,0-2
Lazio,Livorno,2-0
Napoli,Roma,0-2
Parma,Sampdoria,1-2
Siena,Fiorentina,1-0
Torino,Atalanta,1-0
Roma,Milan,2-1
Udinese,Lazio,2-2
Atalanta,Empoli,4-1
Cagliari,Torino,3-0
Fiorentina,Genoa,3-1
Inter,Palermo,2-1
Juventus,Napoli,1-0
Livorno,Parma,1-1
Reggina,Siena,4-0
Sampdoria,Catania,3-1
Cagliari,Atalanta,1-0
Catania,Siena,0-0
Empoli,Juventus,0-0
Genoa,Inter,1-1
Lazio,Roma,3-2
Livorno,Reggina,1-1
Milan,Sampdoria,1-2
Napoli,Fiorentina,2-0
Parma,Palermo,2-1
Torino,Udinese,0-1
Atalanta,Catania,0-0
Fiorentina,Lazio,1-0
Inter,Juventus,1-2
Palermo,Genoa,2-3
Reggina,Napoli,1-1
Roma,Empoli,2-1
Sampdoria,Cagliari,1-1
Siena,Parma,2-0
Torino,Milan,0-1
Udinese,Livorno,2-0
Cagliari,Roma,1-1
Lazio,Inter,1-1
Catania,Torino,1-2
Empoli,Sampdoria,0-2
Genoa,Reggina,2-0
Livorno,Siena,0-0
Milan,Atalanta,1-2
Napoli,Palermo,1-0
Udinese,Fiorentina,3-1
Milan,Cagliari,3-1
Roma,Genoa,3-2
Atalanta,Inter,0-2
Catania,Napoli,3-0
Fiorentina,Reggina,2-0
Palermo,Juventus,3-2
Parma,Lazio,2-2
Sampdoria,Livorno,2-0
Siena,Udinese,1-1
Torino,Empoli,0-1
Juventus,Milan,3-2
Palermo,Catania,1-0
Empoli,Parma,1-1
Genoa,Torino,3-0
Inter,Fiorentina,2-0
Lazio,Siena,1-1
Livorno,Cagliari,1-2
Napoli,Atalanta,2-0
Reggina,Sampdoria,1-0
Udinese,Roma,1-3
Juventus,Parma,3-0
Fiorentina,Palermo,1-0
Roma,Livorno,1-1
Atalanta,Juventus,0-4
Cagliari,Empoli,2-0
Catania,Lazio,1-0
Milan,Reggina,5-1
Parma,Napoli,1-2
Sampdoria,Udinese,3-0
Siena,Genoa,0-1
Torino,Inter,0-1
Fiorentina,Sampdoria,2-2
Genoa,Empoli,0-1
Inter,Cagliari,2-1
Juventus,Lazio,5-2
Livorno,Milan,1-4
Napoli,Siena,0-0
Palermo,Atalanta,0-0
Reggina,Parma,2-1
Roma,Torino,4-1
Udinese,Catania,2-1
Atalanta,Livorno,3-2
Cagliari,Fiorentina,2-1
Catania,Reggina,1-2
Empoli,Udinese,0-1
Lazio,Palermo,1-2
Milan,Inter,2-1
Parma,Genoa,1-0
Sampdoria,Roma,0-3
Siena,Juventus,1-0
Torino,Napoli,2-1
Fiorentina,Parma,3-1
Genoa,Lazio,0-2
Inter,Siena,2-2
Juventus,Catania,1-1
Livorno,Torino,0-1
Napoli,Milan,3-1
Palermo,Sampdoria,0-2
Reggina,Empoli,2-0
Roma,Atalanta,2-1
Udinese,Cagliari,0-2
Sampdoria,Juventus,3-3
Atalanta,Genoa,2-0
Cagliari,Reggina,2-2
Catania,Roma,1-1
Empoli,Livorno,2-1
Lazio,Napoli,2-1
Milan,Udinese,4-1
Parma,Inter,0-2
Siena,Palermo,2-2
Torino,Fiorentina,0-1
Sampdoria,Inter,1-1
Udinese,Palermo,3-1
Atalanta,Siena,1-0
Cagliari,Lazio,1-4
Catania,Genoa,1-0
Chievo,Reggina,2-1
Fiorentina,Juventus,1-1
Milan,Bologna,1-2
Roma,Napoli,1-1
Torino,Lecce,3-0
Inter,Catania,2-1
Palermo,Roma,3-1
Bologna,Atalanta,0-1
Genoa,Milan,2-0
Juventus,Udinese,1-0
Lazio,Sampdoria,2-0
Lecce,Chievo,2-0
Napoli,Fiorentina,2-1
Reggina,Torino,1-1
Siena,Cagliari,2-0
Catania,Atalanta,1-0
Roma,Reggina,3-0
Cagliari,Juventus,0-1
Fiorentina,Bologna,1-0
Lecce,Siena,1-1
Milan,Lazio,4-1
Palermo,Genoa,2-1
Sampdoria,Chievo,1-1
Torino,Inter,1-3
Udinese,Napoli,0-0
Atalanta,Cagliari,1-0
Bologna,Udinese,0-3
Chievo,Torino,1-1
Genoa,Roma,3-1
Inter,Lecce,1-0
Juventus,Catania,1-1
Lazio,Fiorentina,3-0
Napoli,Palermo,2-1
Reggina,Milan,1-2
Siena,Sampdoria,0-0
Fiorentina,Genoa,1-0
Sampdoria,Juventus,0-0
Bologna,Napoli,0-1
Catania,Chievo,1-0
Lecce,Cagliari,2-0
Milan,Inter,1-0
Palermo,Reggina,1-0
Roma,Atalanta,2-0
Torino,Lazio,1-3
Udinese,Siena,2-1
Inter,Bologna,2-1
Lazio,Lecce,1-1
Atalanta,Sampdoria,4-2
Cagliari,Milan,0-0
Chievo,Fiorentina,0-2
Genoa,Napoli,3-2
Juventus,Palermo,1-2
Reggina,Catania,1-1
Siena,Roma,1-0
Udinese,Torino,2-0
Fiorentina,Reggina,3-0
Napoli,Juventus,2-1
Bologna,Lazio,3-1
Catania,Palermo,2-0
Chievo,Atalanta,1-1
Genoa,Siena,1-0
Lecce,Udinese,2-2
Milan,Sampdoria,3-0
Roma,Inter,0-4
Torino,Cagliari,0-1
Juventus,Torino,1-0
Siena,Catania,1-1
Atalanta,Milan,0-1
Cagliari,Chievo,2-0
Inter,Genoa,0-0
Lazio,Napoli,0-1
Palermo,Fiorentina,1-3
Reggina,Lecce,2-0
Sampdoria,Bologna,2-0
Udinese,Roma,3-1
Bologna,Juventus,1-2
Catania,Udinese,0-2
Chievo,Lazio,1-2
Fiorentina,Inter,0-0
Genoa,Cagliari,2-1
Lecce,Palermo,1-1
Milan,Siena,2-1
Napoli,Reggina,3-0
Torino,Atalanta,2-1
Juventus,Roma,2-0
Reggina,Inter,2-3
Atalanta,Lecce,0-0
Cagliari,Bologna,5-1
Lazio,Catania,1-0
Milan,Napoli,1-0
Palermo,Chievo,3-0
Sampdoria,Torino,1-0
Siena,Fiorentina,1-0
Udinese,Genoa,2-2
Bologna,Roma,1-1
Torino,Palermo,1-0
Catania,Cagliari,2-1
Chievo,Juventus,0-2
Fiorentina,Atalanta,2-1
Genoa,Reggina,4-0
Inter,Udinese,1-0
Lazio,Siena,3-0
Lecce,Milan,1-1
Napoli,Sampdoria,2-0
Juventus,Genoa,4-1
Palermo,Inter,0-2
Atalanta,Napoli,3-1
Cagliari,Fiorentina,1-0
Catania,Torino,3-2
Milan,Chievo,1-0
Roma,Lazio,1-0
Sampdoria,Lecce,3-2
Siena,Bologna,1-1
Udinese,Reggina,0-1
Fiorentina,Udinese,4-2
Inter,Juventus,1-0
Bologna,Palermo,1-1
Chievo,Siena,0-2
Lazio,Genoa,1-1
Lecce,Roma,0-3
Napoli,Cagliari,2-2
Reggina,Atalanta,3-1
Sampdoria,Catania,3-0
Torino,Milan,2-2
Catania,Lecce,1-1
Juventus,Reggina,4-0
Atalanta,Lazio,2-0
Cagliari,Sampdoria,1-0
Genoa,Bologna,1-1
Inter,Napoli,2-1
Palermo,Milan,3-1
Roma,Fiorentina,1-0
Siena,Torino,1-0
Udinese,Chievo,0-1
Chievo,Roma,0-1
Lazio,Inter,0-3
Atalanta,Udinese,3-0
Cagliari,Palermo,1-0
Lecce,Juventus,1-2
Milan,Catania,1-0
Napoli,Siena,2-0
Reggina,Bologna,2-2
Sampdoria,Genoa,0-1
Torino,Fiorentina,1-4
Bologna,Torino,5-2
Napoli,Lecce,3-0
Fiorentina,Catania,2-0
Genoa,Atalanta,1-1
Inter,Chievo,4-2
Juventus,Milan,4-2
Palermo,Siena,2-0
Reggina,Sampdoria,0-2
Roma,Cagliari,3-2
Udinese,Lazio,3-3
Lazio,Palermo,1-0
Siena,Inter,1-2
Atalanta,Juventus,1-3
Cagliari,Reggina,1-1
Catania,Roma,3-2
Chievo,Genoa,0-1
Lecce,Bologna,0-0
Milan,Udinese,5-1
Sampdoria,Fiorentina,0-1
Torino,Napoli,1-0
Genoa,Torino,3-0
Inter,Cagliari,1-1
Bologna,Chievo,1-1
Fiorentina,Lecce,1-2
Juventus,Siena,1-0
Napoli,Catania,1-0
Palermo,Atalanta,3-2
Reggina,Lazio,2-3
Roma,Milan,2-2
Udinese,Sampdoria,1-1
Roma,Sampdoria,2-0
Milan,Fiorentina,1-0
Siena,Reggina,1-0
Atalanta,Inter,3-1
Cagliari,Udinese,2-0
Catania,Bologna,1-2
Chievo,Napoli,2-1
Lazio,Juventus,1-1
Lecce,Genoa,0-2
Sampdoria,Palermo,0-2
Torino,Roma,0-1
Juventus,Fiorentina,1-0
Reggina,Chievo,0-1
Bologna,Milan,1-4
Genoa,Catania,1-1
Inter,Sampdoria,1-0
Lazio,Cagliari,1-4
Lecce,Torino,3-3
Napoli,Roma,0-3
Palermo,Udinese,3-2
Siena,Atalanta,1-0
Atalanta,Bologna,0-1
Cagliari,Siena,1-0
Catania,Inter,0-2
Chievo,Lecce,1-1
Fiorentina,Napoli,2-1
Milan,Genoa,1-1
Roma,Palermo,2-1
Sampdoria,Lazio,3-1
Torino,Reggina,0-0
Udinese,Juventus,2-1
Juventus,Cagliari,2-3
Napoli,Udinese,2-2
Atalanta,Catania,1-0
Chievo,Sampdoria,1-1
Genoa,Palermo,1-0
Inter,Torino,1-1
Lazio,Milan,0-3
Reggina,Roma,2-2
Siena,Lecce,1-2
Bologna,Fiorentina,1-3
Lecce,Inter,0-3
Milan,Reggina,1-1
Cagliari,Atalanta,0-1
Catania,Juventus,1-2
Fiorentina,Lazio,1-0
Palermo,Napoli,2-1
Roma,Genoa,3-0
Sampdoria,Siena,2-2
Torino,Chievo,1-1
Udinese,Bologna,1-0
Lazio,Torino,1-1
Napoli,Bologna,1-1
Atalanta,Roma,3-0
Cagliari,Lecce,2-0
Chievo,Catania,1-1
Genoa,Fiorentina,3-3
Inter,Milan,2-1
Juventus,Sampdoria,1-1
Reggina,Palermo,0-0
Siena,Udinese,1-1
Bologna,Inter,1-2
Palermo,Juventus,0-2
Roma,Siena,1-0
Catania,Reggina,2-0
Fiorentina,Chievo,2-1
Lecce,Lazio,0-2
Milan,Cagliari,1-0
Napoli,Genoa,0-1
Sampdoria,Atalanta,1-0
Torino,Udinese,1-0
Juventus,Napoli,1-0
Lazio,Bologna,2-0
Atalanta,Chievo,0-2
Cagliari,Torino,0-0
Inter,Roma,3-3
Palermo,Catania,0-4
Reggina,Fiorentina,1-1
Sampdoria,Milan,2-1
Siena,Genoa,0-0
Udinese,Lecce,2-0
Genoa,Inter,0-2
Roma,Udinese,1-1
Torino,Juventus,0-1
Bologna,Sampdoria,3-0
Catania,Siena,0-3
Chievo,Cagliari,1-1
Fiorentina,Palermo,0-2
Lecce,Reggina,0-0
Milan,Atalanta,3-0
Napoli,Lazio,0-2
Cagliari,Genoa,0-1
Juventus,Bologna,4-1
Atalanta,Torino,2-0
Inter,Fiorentina,2-0
Lazio,Chievo,0-3
Palermo,Lecce,5-2
Reggina,Napoli,1-1
Sampdoria,Roma,2-2
Siena,Milan,1-5
Udinese,Catania,1-1
Catania,Lazio,1-0
Roma,Juventus,1-4
Bologna,Cagliari,0-1
Chievo,Palermo,1-0
Fiorentina,Siena,1-0
Genoa,Udinese,2-0
Inter,Reggina,3-0
Lecce,Atalanta,2-2
Napoli,Milan,0-0
Torino,Sampdoria,1-3
Atalanta,Fiorentina,1-2
Cagliari,Catania,1-0
Juventus,Chievo,3-3
Milan,Lecce,2-0
Palermo,Torino,1-0
Reggina,Genoa,0-1
Roma,Bologna,2-1
Sampdoria,Napoli,2-2
Siena,Lazio,2-0
Udinese,Inter,0-1
Bologna,Siena,1-4
Chievo,Milan,0-1
Fiorentina,Cagliari,2-1
Genoa,Juventus,3-2
Inter,Palermo,2-2
Lazio,Roma,4-2
Lecce,Sampdoria,1-3
Napoli,Atalanta,0-0
Torino,Catania,2-1
Reggina,Udinese,0-2
Genoa,Lazio,0-1
Juventus,Inter,1-1
Atalanta,Reggina,0-1
Cagliari,Napoli,2-0
Catania,Sampdoria,2-0
Milan,Torino,5-1
Palermo,Bologna,4-1
Roma,Lecce,3-2
Siena,Chievo,0-2
Udinese,Fiorentina,3-1
Chievo,Udinese,1-2
Fiorentina,Roma,4-1
Bologna,Genoa,2-0
Lazio,Atalanta,0-1
Lecce,Catania,2-1
Milan,Palermo,3-0
Napoli,Inter,1-0
Reggina,Juventus,2-2
Sampdoria,Cagliari,3-3
Torino,Siena,1-0
Bologna,Reggina,1-2
Inter,Lazio,2-0
Catania,Milan,0-2
Fiorentina,Torino,1-0
Genoa,Sampdoria,3-1
Juventus,Lecce,2-2
Palermo,Cagliari,5-1
Roma,Chievo,0-0
Siena,Napoli,2-1
Udinese,Atalanta,3-0
Lazio,Udinese,1-3
Sampdoria,Reggina,5-0
Atalanta,Genoa,1-1
Cagliari,Roma,2-2
Catania,Fiorentina,0-2
Chievo,Inter,2-2
Lecce,Napoli,1-1
Milan,Juventus,1-1
Siena,Palermo,1-0
Torino,Bologna,1-1
Roma,Catania,4-3
Udinese,Milan,2-1
Bologna,Lecce,2-1
Fiorentina,Sampdoria,1-0
Genoa,Chievo,2-2
Inter,Siena,3-0
Juventus,Atalanta,2-2
Napoli,Torino,1-2
Palermo,Lazio,2-0
Reggina,Cagliari,2-1
Lazio,Reggina,1-0
Atalanta,Palermo,2-2
Cagliari,Inter,2-1
Catania,Napoli,3-1
Chievo,Bologna,0-0
Lecce,Fiorentina,1-1
Milan,Roma,2-3
Sampdoria,Udinese,2-2
Siena,Juventus,0-3
Torino,Genoa,2-3
Bologna,Catania,3-1
Fiorentina,Milan,0-2
Genoa,Lecce,4-1
Inter,Atalanta,4-3
Juventus,Lazio,2-0
Napoli,Chievo,3-0
Palermo,Sampdoria,2-2
Reggina,Siena,1-1
Roma,Torino,3-2
Udinese,Cagliari,6-2
Bologna,Fiorentina,1-1
Siena,Milan,1-2
Catania,Sampdoria,1-2
Genoa,Roma,3-2
Inter,Bari,1-1
Juventus,Chievo,1-0
Lazio,Atalanta,1-0
Livorno,Cagliari,0-0
Palermo,Napoli,2-1
Udinese,Parma,2-2
Bari,Bologna,0-0
Milan,Inter,0-4
Atalanta,Genoa,0-1
Cagliari,Siena,1-3
Chievo,Lazio,1-2
Fiorentina,Palermo,1-0
Napoli,Livorno,3-1
Parma,Catania,2-1
Roma,Juventus,1-3
Sampdoria,Udinese,3-1
Lazio,Juventus,0-2
Livorno,Milan,0-0
Atalanta,Sampdoria,0-1
Bologna,Chievo,0-2
Fiorentina,Cagliari,1-0
Genoa,Napoli,4-1
Inter,Parma,2-0
Palermo,Bari,1-1
Siena,Roma,1-2
Udinese,Catania,4-2
Juventus,Livorno,2-0
Napoli,Udinese,0-0
Bari,Atalanta,4-1
Cagliari,Inter,1-2
Catania,Lazio,1-1
Chievo,Genoa,3-1
Milan,Bologna,1-0
Parma,Palermo,1-0
Roma,Fiorentina,3-1
Sampdoria,Siena,4-1
Atalanta,Catania,0-0
Bari,Cagliari,0-1
Bologna,Livorno,2-0
Fiorentina,Sampdoria,2-0
Inter,Napoli,3-1
Lazio,Parma,1-2
Palermo,Roma,3-3
Siena,Chievo,0-0
Udinese,Milan,1-0
Genoa,Juventus,2-2
Livorno,Fiorentina,0-1
Sampdoria,Inter,1-0
Catania,Roma,1-1
Chievo,Atalanta,1-1
Juventus,Bologna,1-1
Lazio,Palermo,1-1
Milan,Bari,0-0
Napoli,Siena,2-1
Parma,Cagliari,0-2
Udinese,Genoa,2-0
Bari,Catania,0-0
Inter,Udinese,2-1
Atalanta,Milan,1-1
Bologna,Genoa,1-3
Cagliari,Chievo,1-2
Fiorentina,Lazio,0-0
Palermo,Juventus,2-0
Roma,Napoli,2-1
Sampdoria,Parma,1-1
Siena,Livorno,0-0
Genoa,Inter,0-5
Juventus,Fiorentina,1-1
Catania,Cagliari,2-1
Chievo,Bari,1-2
Lazio,Sampdoria,1-1
Livorno,Palermo,1-2
Milan,Roma,2-1
Napoli,Bologna,2-1
Parma,Siena,1-0
Udinese,Atalanta,1-3
Inter,Catania,2-1
Sampdoria,Bologna,4-1
Atalanta,Parma,3-1
Bari,Lazio,2-0
Cagliari,Genoa,3-2
Chievo,Milan,1-2
Fiorentina,Napoli,0-1
Palermo,Udinese,1-0
Roma,Livorno,0-1
Siena,Juventus,0-1
Bologna,Siena,2-1
Catania,Chievo,1-2
Genoa,Fiorentina,2-1
Juventus,Sampdoria,5-1
Lazio,Cagliari,0-1
Livorno,Atalanta,1-0
Napoli,Milan,2-2
Parma,Bari,2-0
Udinese,Roma,2-1
Inter,Palermo,5-3
Juventus,Napoli,2-3
Milan,Parma,2-0
Cagliari,Atalanta,3-0
Chievo,Udinese,1-1
Fiorentina,Catania,3-1
Livorno,Inter,0-2
Palermo,Genoa,0-0
Roma,Bologna,2-1
Sampdoria,Bari,0-0
Siena,Lazio,1-1
Atalanta,Juventus,2-5
Catania,Napoli,0-0
Bari,Livorno,1-0
Bologna,Palermo,3-1
Cagliari,Sampdoria,2-0
Genoa,Siena,4-2
Inter,Roma,1-1
Lazio,Milan,1-2
Parma,Chievo,2-0
Udinese,Fiorentina,0-1
Bologna,Inter,1-3
Fiorentina,Parma,2-3
Juventus,Udinese,1-0
Livorno,Genoa,2-1
Milan,Cagliari,4-3
Napoli,Lazio,0-0
Palermo,Catania,1-1
Roma,Bari,3-1
Sampdoria,Chievo,2-1
Siena,Atalanta,0-2
Genoa,Sampdoria,3-0
Udinese,Livorno,2-0
Atalanta,Roma,1-2
Bari,Siena,2-1
Cagliari,Juventus,2-0
Catania,Milan,0-2
Chievo,Palermo,1-0
Inter,Fiorentina,1-0
Lazio,Bologna,0-0
Parma,Napoli,1-1
Juventus,Inter,2-1
Milan,Sampdoria,3-0
Bologna,Udinese,2-1
Fiorentina,Atalanta,2-0
Genoa,Parma,2-2
Livorno,Chievo,0-2
Napoli,Bari,3-2
Palermo,Cagliari,2-1
Roma,Lazio,1-0
Siena,Catania,3-2
Bari,Juventus,3-1
Cagliari,Napoli,3-3
Atalanta,Inter,1-1
Catania,Livorno,0-1
Chievo,Fiorentina,2-1
Lazio,Genoa,1-0
Milan,Palermo,0-2
Parma,Bologna,2-1
Sampdoria,Roma,0-0
Siena,Udinese,2-1
Inter,Lazio,1-0
Juventus,Catania,1-2
Livorno,Sampdoria,3-1
Napoli,Chievo,2-0
Palermo,Siena,1-0
Roma,Parma,2-0
Atalanta,Napoli,0-2
Bari,Udinese,2-0
Cagliari,Roma,2-2
Catania,Bologna,1-0
Chievo,Inter,0-1
Lazio,Livorno,4-1
Milan,Genoa,5-2
Parma,Juventus,1-2
Sampdoria,Palermo,1-1
Siena,Fiorentina,1-5
Inter,Siena,4-3
Roma,Chievo,1-0
Bologna,Cagliari,0-1
Fiorentina,Bari,2-1
Genoa,Catania,2-0
Juventus,Milan,0-3
Livorno,Parma,2-1
Napoli,Sampdoria,1-0
Palermo,Atalanta,1-0
Udinese,Lazio,1-1
Bari,Inter,2-2
Cagliari,Livorno,3-0
Atalanta,Lazio,3-0
Chievo,Juventus,1-0
Fiorentina,Bologna,1-2
Milan,Siena,4-0
Napoli,Palermo,0-0
Parma,Udinese,0-0
Roma,Genoa,3-0
Sampdoria,Catania,1-1
Bologna,Atalanta,2-2
Genoa,Bari,1-1
Catania,Parma,3-0
Juventus,Roma,1-2
Bologna,Bari,2-1
Genoa,Atalanta,2-0
Inter,Milan,2-0
Lazio,Chievo,1-1
Livorno,Napoli,0-2
Palermo,Fiorentina,3-0
Siena,Cagliari,1-1
Udinese,Sampdoria,2-3
Bari,Palermo,4-2
Napoli,Genoa,0-0
Cagliari,Fiorentina,2-2
Catania,Udinese,1-1
Chievo,Bologna,1-1
Juventus,Lazio,1-1
Milan,Livorno,1-1
Roma,Siena,2-1
Sampdoria,Atalanta,2-0
Livorno,Juventus,1-1
Palermo,Parma,2-1
Atalanta,Bari,1-0
Bologna,Milan,0-0
Fiorentina,Roma,0-1
Genoa,Chievo,1-0
Inter,Cagliari,3-0
Lazio,Catania,0-1
Siena,Sampdoria,1-2
Udinese,Napoli,3-1
Parma,Inter,1-1
Milan,Udinese,3-2
Roma,Palermo,4-1
Sampdoria,Fiorentina,2-0
Cagliari,Bari,3-1
Catania,Atalanta,0-0
Chievo,Siena,0-1
Juventus,Genoa,3-2
Livorno,Bologna,0-1
Napoli,Inter,0-0
Parma,Lazio,0-2
Genoa,Udinese,3-0
Inter,Sampdoria,0-0
Atalanta,Chievo,0-1
Bari,Milan,0-2
Bologna,Juventus,1-2
Cagliari,Parma,2-0
Fiorentina,Livorno,2-1
Palermo,Lazio,3-1
Roma,Catania,1-0
Siena,Napoli,0-0
Fiorentina,Milan,1-2
Udinese,Cagliari,2-1
Catania,Bari,4-0
Lazio,Fiorentina,1-1
Chievo,Cagliari,2-1
Genoa,Bologna,3-4
Juventus,Palermo,0-2
Livorno,Siena,1-2
Milan,Atalanta,3-1
Napoli,Roma,2-2
Parma,Sampdoria,1-0
Udinese,Inter,2-3
Fiorentina,Juventus,1-2
Roma,Milan,0-0
Atalanta,Udinese,0-0
Bari,Chievo,1-0
Bologna,Napoli,2-1
Cagliari,Catania,2-2
Inter,Genoa,0-0
Palermo,Livorno,1-0
Sampdoria,Lazio,2-1
Siena,Parma,1-1
Catania,Inter,3-1
Napoli,Fiorentina,1-3
Bologna,Sampdoria,1-1
Genoa,Cagliari,5-3
Juventus,Siena,3-3
Lazio,Bari,0-2
Livorno,Roma,3-3
Milan,Chievo,1-0
Parma,Atalanta,1-0
Udinese,Palermo,3-2
Fiorentina,Genoa,3-0
Palermo,Inter,1-1
Roma,Udinese,4-2
Atalanta,Livorno,3-0
Bari,Parma,1-1
Cagliari,Lazio,0-2
Chievo,Catania,1-1
Milan,Napoli,1-1
Sampdoria,Juventus,1-0
Siena,Bologna,1-0
Atalanta,Cagliari,3-1
Bari,Sampdoria,2-1
Bologna,Roma,0-2
Catania,Fiorentina,1-0
Genoa,Palermo,2-2
Inter,Livorno,3-0
Lazio,Siena,2-0
Parma,Milan,1-0
Udinese,Chievo,0-0
Napoli,Juventus,3-1
Palermo,Bologna,3-1
Roma,Inter,2-1
Chievo,Parma,0-0
Fiorentina,Udinese,4-1
Juventus,Atalanta,2-1
Livorno,Bari,1-1
Milan,Lazio,1-1
Napoli,Catania,1-0
Sampdoria,Cagliari,1-1
Siena,Genoa,0-0
Atalanta,Siena,2-0
Bari,Roma,0-1
Cagliari,Milan,2-3
Catania,Palermo,2-0
Chievo,Sampdoria,1-2
Genoa,Livorno,1-1
Inter,Bologna,3-0
Lazio,Napoli,1-1
Parma,Fiorentina,1-1
Udinese,Juventus,3-0
Fiorentina,Inter,2-2
Napoli,Parma,2-3
Bologna,Lazio,2-3
Juventus,Cagliari,1-0
Livorno,Udinese,0-2
Milan,Catania,2-2
Palermo,Chievo,3-1
Roma,Atalanta,2-1
Sampdoria,Genoa,1-0
Siena,Bari,3-2
Inter,Juventus,2-0
Chievo,Livorno,2-0
Atalanta,Fiorentina,2-1
Bari,Napoli,1-2
Cagliari,Palermo,2-2
Catania,Siena,2-2
Lazio,Roma,1-2
Parma,Genoa,2-3
Sampdoria,Milan,2-1
Udinese,Bologna,1-1
Inter,Atalanta,3-1
Palermo,Milan,3-1
Bologna,Parma,2-1
Fiorentina,Chievo,0-2
Genoa,Lazio,1-2
Juventus,Bari,3-0
Livorno,Catania,3-1
Napoli,Cagliari,0-0
Roma,Sampdoria,1-2
Udinese,Siena,4-1
Milan,Fiorentina,1-0
Parma,Roma,1-2
Atalanta,Bologna,1-1
Bari,Genoa,3-0
Cagliari,Udinese,2-2
Catania,Juventus,1-1
Chievo,Napoli,1-2
Lazio,Inter,0-2
Sampdoria,Livorno,2-0
Siena,Palermo,1-2
Bologna,Catania,1-1
Fiorentina,Siena,1-1
Genoa,Milan,1-0
Inter,Chievo,4-3
Juventus,Parma,2-3
Livorno,Lazio,1-2
Napoli,Atalanta,2-0
Palermo,Sampdoria,1-1
Roma,Cagliari,2-1
Udinese,Bari,3-3
Lazio,Udinese,3-1
Milan,Juventus,3-0
Atalanta,Palermo,1-2
Bari,Fiorentina,2-0
Cagliari,Bologna,1-1
Catania,Genoa,1-0
Chievo,Roma,0-2
Parma,Livorno,4-1
Sampdoria,Napoli,1-0
Siena,Inter,0-1
Roma,Cesena,0-0
Udinese,Genoa,0-1
Bari,Juventus,1-0
Chievo,Catania,2-1
Fiorentina,Napoli,1-1
Milan,Lecce,4-0
Palermo,Cagliari,0-0
Parma,Brescia,2-0
Sampdoria,Lazio,2-0
Bologna,Inter,0-0
Cagliari,Roma,5-1
Cesena,Milan,2-0
Inter,Udinese,2-1
Brescia,Palermo,3-2
Catania,Parma,2-1
Genoa,Chievo,1-3
Juventus,Sampdoria,3-3
Lazio,Bologna,3-1
Lecce,Fiorentina,1-0
Napoli,Bari,2-2
Fiorentina,Lazio,1-2
Milan,Catania,1-1
Bari,Cagliari,0-0
Cesena,Lecce,1-0
Chievo,Brescia,0-1
Palermo,Inter,1-2
Parma,Genoa,1-1
Roma,Bologna,2-2
Sampdoria,Napoli,1-2
Udinese,Juventus,0-4
Bologna,Udinese,2-1
Brescia,Roma,2-1
Cagliari,Sampdoria,0-0
Catania,Cesena,2-0
Genoa,Fiorentina,1-1
Inter,Bari,4-0
Lazio,Milan,1-1
Lecce,Parma,1-1
Napoli,Chievo,1-3
Juventus,Palermo,1-3
Milan,Genoa,1-0
Roma,Inter,1-0
Bari,Brescia,2-1
Catania,Bologna,1-1
Cesena,Napoli,1-4
Chievo,Lazio,0-1
Fiorentina,Parma,2-0
Juventus,Cagliari,4-2
Palermo,Lecce,2-2
Sampdoria,Udinese,0-0
Parma,Milan,0-1
Udinese,Cesena,1-0
Bologna,Sampdoria,1-1
Chievo,Cagliari,0-0
Fiorentina,Palermo,1-2
Genoa,Bari,2-1
Inter,Juventus,0-0
Lazio,Brescia,1-0
Lecce,Catania,1-0
Napoli,Roma,2-0
Milan,Chievo,3-1
Roma,Genoa,2-1
Bari,Lazio,0-2
Brescia,Udinese,0-1
Cagliari,Inter,0-1
Catania,Napoli,1-1
Cesena,Parma,1-1
Juventus,Lecce,4-0
Palermo,Bologna,4-1
Sampdoria,Fiorentina,2-1
Fiorentina,Bari,2-1
Bologna,Juventus,0-0
Chievo,Cesena,2-1
Genoa,Catania,1-0
Inter,Sampdoria,1-1
Lazio,Cagliari,2-1
Lecce,Brescia,2-1
Parma,Roma,0-0
Udinese,Palermo,2-1
Napoli,Milan,1-2
Genoa,Inter,0-1
Milan,Juventus,1-2
Roma,Lecce,2-0
Bari,Udinese,0-2
Brescia,Napoli,0-1
Cagliari,Bologna,2-0
Catania,Fiorentina,0-0
Cesena,Sampdoria,0-1
Palermo,Lazio,0-1
Parma,Chievo,0-0
Bologna,Lecce,2-0
Inter,Brescia,1-1
Bari,Milan,2-3
Fiorentina,Chievo,1-0
Juventus,Cesena,3-1
Lazio,Roma,0-2
Napoli,Parma,2-0
Palermo,Genoa,1-0
Sampdoria,Catania,0-0
Udinese,Cagliari,1-1
Brescia,Juventus,1-1
Cagliari,Napoli,0-1
Catania,Udinese,1-0
Cesena,Lazio,1-0
Chievo,Bari,0-0
Genoa,Bologna,1-0
Lecce,Inter,1-1
Milan,Palermo,3-1
Roma,Fiorentina,3-2
Parma,Sampdoria,1-0
Fiorentina,Cesena,1-0
Juventus,Roma,1-1
Bari,Parma,0-1
Bologna,Brescia,1-0
Cagliari,Genoa,0-1
Inter,Milan,0-1
Lazio,Napoli,2-0
Palermo,Catania,3-1
Sampdoria,Chievo,0-0
Udinese,Lecce,4-0
Milan,Fiorentina,1-0
Roma,Udinese,2-0
Brescia,Cagliari,1-2
Catania,Bari,1-0
Cesena,Palermo,1-2
Chievo,Inter,2-1
Genoa,Juventus,0-2
Lecce,Sampdoria,2-3
Napoli,Bologna,4-1
Parma,Lazio,1-1
Juventus,Fiorentina,1-1
Sampdoria,Milan,1-1
Bari,Cesena,1-1
Brescia,Genoa,0-0
Cagliari,Lecce,3-2
Inter,Parma,5-2
Lazio,Catania,1-1
Palermo,Roma,3-1
Udinese,Napoli,3-1
Lazio,Inter,3-1
Chievo,Roma,2-2
Milan,Brescia,3-0
Catania,Juventus,1-3
Cesena,Bologna,0-2
Fiorentina,Cagliari,1-0
Lecce,Genoa,1-3
Parma,Udinese,2-1
Sampdoria,Bari,3-0
Napoli,Palermo,1-0
Bologna,Chievo,2-1
Genoa,Napoli,0-1
Palermo,Parma,3-1
Udinese,Fiorentina,2-1
Bologna,Milan,0-3
Brescia,Sampdoria,1-0
Cagliari,Catania,3-0
Juventus,Lazio,2-1
Lecce,Chievo,3-2
Roma,Bari,1-0
Cesena,Cagliari,1-0
Milan,Roma,0-1
Bari,Palermo,1-1
Catania,Brescia,1-0
Chievo,Juventus,1-1
Lazio,Udinese,3-2
Napoli,Lecce,1-0
Parma,Bologna,0-0
Bologna,Fiorentina,1-1
Brescia,Cesena,1-2
Cagliari,Milan,0-1
Genoa,Lazio,0-0
Inter,Napoli,3-1
Juventus,Parma,1-4
Lecce,Bari,0-1
Palermo,Sampdoria,3-0
Roma,Catania,4-2
Udinese,Chievo,2-0
Bari,Bologna,0-2
Catania,Inter,1-2
Cesena,Genoa,0-0
Chievo,Palermo,0-0
Fiorentina,Brescia,3-2
Lazio,Lecce,1-2
Milan,Udinese,4-4
Napoli,Juventus,3-0
Parma,Cagliari,1-2
Sampdoria,Roma,2-1
Inter,Bologna,4-1
Napoli,Fiorentina,0-0
Brescia,Parma,2-0
Cagliari,Palermo,3-1
Catania,Chievo,1-1
Cesena,Roma,0-1
Genoa,Udinese,2-4
Juventus,Bari,2-1
Lazio,Sampdoria,1-0
Lecce,Milan,1-1
Inter,Cesena,3-2
Chievo,Genoa,0-0
Palermo,Brescia,1-0
Parma,Catania,2-0
Roma,Cagliari,3-0
Bari,Napoli,0-2
Bologna,Lazio,3-1
Fiorentina,Lecce,1-1
Milan,Cesena,2-0
Sampdoria,Juventus,0-0
Udinese,Inter,3-1
Catania,Milan,0-2
Lazio,Fiorentina,2-0
Brescia,Chievo,0-3
Cagliari,Bari,2-1
Genoa,Parma,3-1
Inter,Palermo,3-2
Juventus,Udinese,1-2
Lecce,Cesena,1-1
Napoli,Sampdoria,4-0
Milan,Lazio,0-0
Cesena,Catania,1-1
Chievo,Napoli,2-0
Fiorentina,Genoa,1-0
Palermo,Juventus,2-1
Parma,Lecce,0-1
Roma,Brescia,1-1
Sampdoria,Cagliari,0-1
Udinese,Bologna,1-1
Bari,Inter,0-3
Cagliari,Juventus,1-3
Udinese,Sampdoria,2-0
Bologna,Catania,1-0
Brescia,Bari,2-0
Genoa,Milan,1-1
Inter,Roma,5-3
Lazio,Chievo,1-1
Lecce,Palermo,2-4
Napoli,Cesena,2-0
Parma,Fiorentina,1-1
Milan,Parma,4-0
Roma,Napoli,0-2
Bari,Genoa,0-0
Brescia,Lazio,0-2
Cagliari,Chievo,4-1
Catania,Lecce,3-2
Cesena,Udinese,0-3
Juventus,Inter,1-0
Palermo,Fiorentina,2-4
Sampdoria,Bologna,3-1
Fiorentina,Inter,1-2
Sampdoria,Genoa,0-1
Bologna,Palermo,1-0
Inter,Cagliari,1-0
Chievo,Milan,1-2
Fiorentina,Sampdoria,0-0
Genoa,Roma,4-3
Lazio,Bari,1-0
Lecce,Juventus,2-0
Napoli,Catania,1-0
Parma,Cesena,2-2
Udinese,Brescia,0-0
Bologna,Roma,0-1
Juventus,Bologna,0-2
Bari,Fiorentina,1-1
Brescia,Lecce,2-2
Cagliari,Lazio,1-0
Catania,Genoa,2-1
Cesena,Chievo,1-0
Palermo,Udinese,0-7
Roma,Parma,2-2
Sampdoria,Inter,0-2
Milan,Napoli,3-0
Lecce,Roma,1-2
Juventus,Milan,0-1
Bologna,Cagliari,2-2
Chievo,Parma,0-0
Fiorentina,Catania,3-0
Inter,Genoa,5-2
Lazio,Palermo,2-0
Napoli,Brescia,0-0
Sampdoria,Cesena,2-3
Udinese,Bari,1-0
Brescia,Inter,1-1
Cesena,Juventus,2-2
Cagliari,Udinese,0-4
Catania,Sampdoria,1-0
Chievo,Fiorentina,0-1
Genoa,Palermo,1-0
Lecce,Bologna,0-1
Milan,Bari,1-1
Parma,Napoli,1-3
Roma,Lazio,2-0
Lazio,Cesena,1-0
Palermo,Milan,1-0
Bari,Chievo,1-2
Bologna,Genoa,1-1
Fiorentina,Roma,2-2
Inter,Lecce,1-0
Juventus,Brescia,2-1
Napoli,Cagliari,2-1
Sampdoria,Parma,0-1
Udinese,Catania,2-0
Brescia,Bologna,3-1
Milan,Inter,3-0
Catania,Palermo,4-0
Cesena,Fiorentina,2-2
Chievo,Sampdoria,0-0
Genoa,Cagliari,0-1
Lecce,Udinese,2-0
Napoli,Lazio,4-3
Parma,Bari,1-2
Roma,Juventus,0-2
Inter,Chievo,2-0
Udinese,Roma,1-2
Bari,Catania,1-1
Bologna,Napoli,0-2
Cagliari,Brescia,1-1
Fiorentina,Milan,1-2
Juventus,Genoa,3-2
Lazio,Parma,2-0
Palermo,Cesena,2-2
Sampdoria,Lecce,1-2
Milan,Sampdoria,3-0
Parma,Inter,2-0
Roma,Palermo,2-3
Catania,Lazio,1-4
Cesena,Bari,1-0
Chievo,Bologna,2-0
Fiorentina,Juventus,0-0
Genoa,Brescia,3-0
Lecce,Cagliari,3-3
Napoli,Udinese,1-2
Bari,Sampdoria,0-1
Bologna,Cesena,0-2
Brescia,Milan,0-1
Cagliari,Fiorentina,1-2
Genoa,Lecce,4-2
Inter,Lazio,2-1
Juventus,Catania,2-2
Palermo,Napoli,2-1
Roma,Chievo,1-0
Udinese,Parma,0-2
Cesena,Inter,1-2
Napoli,Genoa,1-0
Bari,Roma,2-3
Catania,Cagliari,2-0
Chievo,Lecce,1-0
Fiorentina,Udinese,5-2
Milan,Bologna,1-0
Parma,Palermo,3-1
Sampdoria,Brescia,3-3
Lazio,Juventus,0-1
Palermo,Bari,2-1
Roma,Milan,0-0
Bologna,Parma,0-0
Brescia,Catania,1-2
Cagliari,Cesena,0-2
Genoa,Sampdoria,2-1
Inter,Fiorentina,3-1
Lecce,Napoli,2-1
Udinese,Lazio,2-1
Juventus,Chievo,2-2
Lazio,Genoa,4-2
Milan,Cagliari,4-1
Bari,Lecce,0-2
Catania,Roma,2-1
Cesena,Brescia,1-0
Chievo,Udinese,0-2
Fiorentina,Bologna,1-1
Napoli,Inter,1-1
Parma,Juventus,1-0
Sampdoria,Palermo,1-2
Bologna,Bari,0-4
Brescia,Fiorentina,2-2
Cagliari,Parma,1-1
Genoa,Cesena,3-2
Inter,Catania,3-1
Juventus,Napoli,2-2
Lecce,Lazio,2-4
Palermo,Chievo,1-3
Roma,Sampdoria,3-1
Udinese,Milan,0-0
Milan,Lazio,2-2
Cesena,Napoli,1-3
Catania,Siena,0-0
Chievo,Novara,2-2
Fiorentina,Bologna,2-0
Genoa,Atalanta,2-2
Juventus,Parma,4-1
Lecce,Udinese,0-2
Palermo,Inter,4-3
Roma,Cagliari,1-2
Cagliari,Novara,2-1
Inter,Roma,0-0
Atalanta,Palermo,1-0
Bologna,Lecce,0-2
Catania,Cesena,1-0
Lazio,Genoa,1-2
Napoli,Milan,3-1
Parma,Chievo,2-1
Siena,Juventus,0-1
Udinese,Fiorentina,2-0
Novara,Inter,3-1
Cesena,Lazio,1-2
Chievo,Napoli,1-0
Fiorentina,Parma,3-0
Genoa,Catania,3-0
Juventus,Bologna,1-1
Lecce,Atalanta,1-2
Milan,Udinese,1-1
Palermo,Cagliari,3-2
Roma,Siena,1-1
Bologna,Inter,1-3
Milan,Cesena,1-0
Napoli,Fiorentina,0-0
Atalanta,Novara,2-1
Cagliari,Udinese,0-0
Catania,Juventus,1-1
Chievo,Genoa,2-1
Lazio,Palermo,0-0
Parma,Roma,0-1
Siena,Lecce,3-0
Inter,Napoli,0-3
Roma,Atalanta,3-1
Cesena,Chievo,0-0
Fiorentina,Lazio,1-2
Juventus,Milan,2-0
Lecce,Cagliari,0-2
Novara,Catania,3-3
Palermo,Siena,2-0
Parma,Genoa,3-1
Udinese,Bologna,2-0
Catania,Inter,2-1
Milan,Palermo,3-0
Napoli,Parma,1-2
Atalanta,Udinese,0-0
Cagliari,Siena,0-0
Cesena,Fiorentina,0-0
Chievo,Juventus,0-0
Genoa,Lecce,0-0
Lazio,Roma,2-1
Novara,Bologna,0-2
Fiorentina,Catania,2-2
Juventus,Genoa,2-2
Bologna,Lazio,0-2
Cagliari,Napoli,0-0
Inter,Chievo,1-0
Lecce,Milan,3-4
Parma,Atalanta,1-2
Roma,Palermo,1-0
Siena,Cesena,2-0
Udinese,Novara,3-0
Juventus,Fiorentina,2-1
Atalanta,Inter,1-1
Cesena,Cagliari,1-1
Chievo,Bologna,0-1
Genoa,Roma,2-1
Lazio,Catania,1-1
Milan,Parma,4-1
Napoli,Udinese,2-0
Novara,Siena,1-1
Palermo,Lecce,2-0
Catania,Napoli,2-1
Inter,Juventus,1-2
Roma,Milan,2-3
Bologna,Atalanta,3-1
Cagliari,Lazio,0-3
Fiorentina,Genoa,1-0
Lecce,Novara,1-1
Parma,Cesena,2-0
Siena,Chievo,4-1
Udinese,Palermo,1-0
Novara,Roma,0-2
Palermo,Bologna,3-1
Atalanta,Cagliari,1-0
Cesena,Lecce,0-1
Chievo,Fiorentina,1-0
Lazio,Parma,1-0
Milan,Catania,4-0
Udinese,Siena,2-1
Fiorentina,Milan,0-0
Inter,Cagliari,2-1
Napoli,Lazio,0-0
Bologna,Cesena,0-1
Catania,Chievo,1-2
Genoa,Novara,1-0
Juventus,Palermo,3-0
Parma,Udinese,2-0
Roma,Lecce,2-1
Siena,Atalanta,2-2
Udinese,Roma,2-0
Atalanta,Napoli,1-1
Lazio,Juventus,0-1
Lecce,Catania,0-1
Novara,Parma,2-1
Cagliari,Bologna,1-1
Cesena,Genoa,2-0
Milan,Chievo,4-0
Palermo,Fiorentina,2-0
Siena,Inter,0-1
Napoli,Juventus,3-3
Genoa,Milan,0-2
Inter,Udinese,0-1
Napoli,Lecce,4-2
Bologna,Siena,1-0
Catania,Cagliari,0-1
Chievo,Atalanta,0-0
Fiorentina,Roma,3-0
Juventus,Cesena,2-0
Parma,Palermo,0-0
Lazio,Novara,3-0
Inter,Fiorentina,2-0
Lecce,Lazio,2-3
Palermo,Cesena,0-1
Siena,Genoa,0-2
Atalanta,Catania,1-1
Bologna,Milan,2-2
Cagliari,Parma,0-0
Novara,Napoli,1-1
Udinese,Chievo,2-1
Roma,Juventus,1-1
Genoa,Inter,0-1
Chievo,Cagliari,2-0
Fiorentina,Atalanta,2-2
Milan,Siena,2-0
Catania,Palermo,2-0
Cesena,Inter,0-1
Genoa,Bologna,2-1
Juventus,Novara,2-0
Lazio,Udinese,2-2
Napoli,Roma,1-3
Parma,Lecce,3-3
Cagliari,Milan,0-2
Siena,Fiorentina,0-0
Atalanta,Cesena,4-1
Bologna,Roma,0-2
Inter,Lecce,4-1
Lazio,Chievo,0-0
Napoli,Genoa,6-1
Novara,Palermo,2-2
Parma,Catania,3-3
Udinese,Juventus,0-0
Inter,Parma,5-0
Siena,Lazio,4-0
Atalanta,Milan,0-2
Bologna,Catania,2-0
Cagliari,Genoa,3-0
Lecce,Juventus,0-1
Novara,Fiorentina,0-3
Palermo,Napoli,1-3
Roma,Chievo,2-0
Udinese,Cesena,4-1
Cesena,Novara,3-1
Chievo,Palermo,1-0
Fiorentina,Lecce,0-1
Genoa,Udinese,3-2
Juventus,Cagliari,1-1
Lazio,Atalanta,2-0
Milan,Inter,0-1
Parma,Siena,3-1
Napoli,Bologna,1-1
Atalanta,Juventus,0-2
Roma,Cesena,5-1
Bologna,Parma,0-0
Cagliari,Fiorentina,0-0
Inter,Lazio,2-1
Lecce,Chievo,2-2
Novara,Milan,0-3
Palermo,Genoa,5-3
Siena,Napoli,1-1
Udinese,Catania,2-1
Catania,Parma,1-1
Juventus,Udinese,2-1
Cesena,Atalanta,0-1
Chievo,Lazio,0-3
Fiorentina,Siena,2-1
Genoa,Napoli,3-2
Lecce,Inter,1-0
Milan,Cagliari,3-0
Palermo,Novara,2-0
Roma,Bologna,1-1
Cagliari,Roma,4-2
Inter,Palermo,4-4
Lazio,Milan,2-0
Napoli,Cesena,0-0
Udinese,Lecce,2-1
Novara,Chievo,1-2
Roma,Inter,4-0
Chievo,Parma,1-2
Fiorentina,Udinese,3-2
Genoa,Lazio,3-2
Juventus,Siena,0-0
Lecce,Bologna,0-0
Milan,Napoli,0-0
Novara,Cagliari,0-0
Palermo,Atalanta,2-1
Catania,Roma,1-1
Lazio,Cesena,3-2
Cagliari,Palermo,2-1
Udinese,Milan,1-2
Atalanta,Lecce,0-0
Catania,Genoa,4-0
Inter,Novara,0-1
Napoli,Chievo,2-0
Siena,Roma,1-0
Atalanta,Genoa,1-0
Parma,Juventus,0-0
Fiorentina,Napoli,0-3
Inter,Bologna,0-3
Juventus,Catania,3-1
Cesena,Milan,1-3
Genoa,Chievo,0-1
Lecce,Siena,4-1
Novara,Atalanta,0-0
Palermo,Lazio,5-1
Roma,Parma,1-0
Udinese,Cagliari,0-0
Bologna,Fiorentina,2-0
Siena,Catania,0-1
Genoa,Parma,2-2
Milan,Juventus,1-1
Atalanta,Roma,4-1
Bologna,Udinese,1-3
Cagliari,Lecce,1-2
Catania,Novara,3-1
Chievo,Cesena,1-0
Lazio,Fiorentina,1-0
Napoli,Inter,1-0
Siena,Palermo,4-1
Juventus,Chievo,1-1
Palermo,Milan,0-4
Bologna,Novara,1-0
Fiorentina,Cesena,2-0
Inter,Catania,2-2
Lecce,Genoa,2-2
Parma,Napoli,1-2
Roma,Lazio,1-2
Siena,Cagliari,3-0
Udinese,Atalanta,0-0
Bologna,Juventus,1-1
Cesena,Catania,0-0
Parma,Fiorentina,2-2
Chievo,Inter,0-2
Napoli,Cagliari,6-3
Palermo,Roma,0-1
Atalanta,Parma,1-1
Catania,Fiorentina,1-0
Cesena,Siena,0-2
Genoa,Juventus,0-0
Lazio,Bologna,1-3
Milan,Lecce,2-0
Novara,Udinese,1-0
Fiorentina,Juventus,0-5
Parma,Milan,0-2
Bologna,Chievo,2-2
Cagliari,Cesena,3-0
Catania,Lazio,1-0
Inter,Atalanta,0-0
Lecce,Palermo,1-1
Siena,Novara,0-2
Udinese,Napoli,2-2
Roma,Genoa,1-0
Milan,Roma,2-1
Palermo,Udinese,1-1
Atalanta,Bologna,2-0
Cesena,Parma,2-2
Chievo,Siena,1-1
Genoa,Fiorentina,2-2
Juventus,Inter,2-0
Lazio,Cagliari,1-0
Napoli,Catania,2-2
Novara,Lecce,0-0
Catania,Milan,1-1
Parma,Lazio,3-1
Bologna,Palermo,1-3
Cagliari,Atalanta,2-0
Fiorentina,Chievo,1-2
Inter,Genoa,5-4
Juventus,Napoli,3-0
Lecce,Cesena,0-0
Roma,Novara,5-2
Siena,Udinese,1-0
Atalanta,Siena,1-2
Cagliari,Inter,2-2
Cesena,Bologna,0-0
Chievo,Catania,3-2
Lazio,Napoli,3-1
Lecce,Roma,4-2
Milan,Fiorentina,1-2
Novara,Genoa,1-1
Palermo,Juventus,0-2
Udinese,Parma,3-1
Chievo,Milan,0-1
Catania,Lecce,1-2
Fiorentina,Palermo,0-0
Genoa,Cesena,1-1
Inter,Siena,2-1
Juventus,Lazio,2-1
Napoli,Atalanta,1-3
Parma,Novara,2-0
Roma,Udinese,3-1
Bologna,Cagliari,1-0
Catania,Atalanta,2-0
Chievo,Udinese,0-0
Napoli,Novara,2-0
Parma,Cagliari,3-0
Cesena,Palermo,2-2
Fiorentina,Inter,0-0
Genoa,Siena,1-4
Juventus,Roma,4-0
Lazio,Lecce,1-1
Milan,Bologna,1-1
Atalanta,Chievo,1-0
Cagliari,Catania,3-0
Cesena,Juventus,0-1
Lecce,Napoli,0-2
Milan,Genoa,1-0
Novara,Lazio,2-1
Palermo,Parma,1-2
Roma,Fiorentina,1-2
Siena,Bologna,1-1
Udinese,Inter,1-3
Cagliari,Chievo,0-0
Palermo,Catania,1-1
Roma,Napoli,2-2
Atalanta,Fiorentina,2-0
Bologna,Genoa,3-2
Inter,Cesena,2-1
Lecce,Parma,1-2
Novara,Juventus,0-4
Siena,Milan,1-4
Udinese,Lazio,2-0
Chievo,Roma,0-0
Napoli,Palermo,2-0
Catania,Bologna,0-1
Cesena,Udinese,0-1
Fiorentina,Novara,2-2
Genoa,Cagliari,2-1
Juventus,Lecce,1-1
Lazio,Siena,1-1
Milan,Atalanta,2-0
Parma,Inter,3-1
Lecce,Fiorentina,0-1
Roma,Catania,2-2
Atalanta,Lazio,0-2
Bologna,Napoli,2-0
Cagliari,Juventus,0-2
Inter,Milan,4-2
Novara,Cesena,3-0
Palermo,Chievo,4-4
Siena,Parma,0-2
Udinese,Genoa,2-0
Catania,Udinese,0-2
Cesena,Roma,2-3
Chievo,Lecce,1-0
Fiorentina,Cagliari,0-0
Genoa,Palermo,2-0
Juventus,Atalanta,3-1
Lazio,Inter,3-1
Milan,Novara,2-1
Napoli,Siena,2-1
Parma,Bologna,1-0
Fiorentina,Udinese,2-1
Juventus,Parma,2-0
Atalanta,Lazio,0-1
Chievo,Bologna,2-0
Genoa,Cagliari,2-0
Milan,Sampdoria,0-1
Palermo,Napoli,0-3
Pescara,Inter,0-3
Roma,Catania,2-2
Siena,Torino,0-0
Bologna,Milan,1-3
Torino,Pescara,3-0
Cagliari,Atalanta,1-1
Catania,Genoa,3-2
Inter,Roma,1-3
Lazio,Palermo,3-0
Napoli,Fiorentina,2-1
Parma,Chievo,2-0
Sampdoria,Siena,2-1
Udinese,Juventus,1-4
Milan,Atalanta,0-1
Palermo,Cagliari,1-1
Chievo,Lazio,1-3
Fiorentina,Catania,2-0
Genoa,Juventus,1-3
Napoli,Parma,3-1
Pescara,Sampdoria,2-3
Roma,Bologna,2-3
Siena,Udinese,2-2
Torino,Inter,0-2
Juventus,Chievo,2-0
Parma,Fiorentina,1-1
Atalanta,Palermo,1-0
Bologna,Pescara,1-1
Cagliari,Roma,0-3
Catania,Napoli,0-0
Inter,Siena,0-2
Lazio,Genoa,0-1
Sampdoria,Torino,1-1
Udinese,Milan,2-1
Fiorentina,Juventus,0-0
Catania,Atalanta,2-1
Chievo,Inter,0-2
Genoa,Parma,1-1
Milan,Cagliari,2-0
Napoli,Lazio,3-0
Pescara,Palermo,1-0
Roma,Sampdoria,1-1
Torino,Udinese,0-0
Siena,Bologna,1-0
Juventus,Roma,4-1
Parma,Milan,1-1
Atalanta,Torino,1-5
Bologna,Catania,4-0
Cagliari,Pescara,1-2
Inter,Fiorentina,2-1
Lazio,Siena,2-1
Palermo,Chievo,4-1
Sampdoria,Napoli,0-1
Udinese,Genoa,0-0
Chievo,Sampdoria,2-1
Genoa,Palermo,1-1
Catania,Parma,2-0
Fiorentina,Bologna,1-0
Milan,Inter,0-1
Napoli,Udinese,2-1
Pescara,Lazio,0-3
Roma,Atalanta,2-0
Siena,Juventus,1-2
Torino,Cagliari,0-1
Juventus,Napoli,2-0
Lazio,Milan,3-2
Atalanta,Siena,2-1
Cagliari,Bologna,1-0
Chievo,Fiorentina,1-1
Genoa,Roma,2-4
Inter,Catania,2-0
Palermo,Torino,0-0
Parma,Sampdoria,2-1
Udinese,Pescara,1-0
Milan,Genoa,1-0
Siena,Palermo,0-0
Bologna,Inter,1-3
Catania,Juventus,0-1
Fiorentina,Lazio,2-0
Napoli,Chievo,1-0
Pescara,Atalanta,0-0
Roma,Udinese,2-3
Sampdoria,Cagliari,0-1
Torino,Parma,1-3
Palermo,Milan,2-2
Atalanta,Napoli,1-0
Cagliari,Siena,4-2
Chievo,Pescara,2-0
Inter,Sampdoria,3-2
Juventus,Bologna,2-1
Lazio,Torino,1-1
Parma,Roma,3-2
Udinese,Catania,2-2
Genoa,Fiorentina,0-1
Juventus,Inter,1-3
Milan,Chievo,5-1
Bologna,Udinese,1-1
Catania,Lazio,4-0
Fiorentina,Cagliari,4-1
Napoli,Torino,1-1
Pescara,Parma,2-0
Roma,Palermo,4-1
Sampdoria,Atalanta,1-2
Siena,Genoa,1-0
Cagliari,Catania,0-0
Pescara,Juventus,1-6
Atalanta,Inter,3-2
Chievo,Udinese,2-2
Genoa,Napoli,2-4
Lazio,Roma,3-2
Milan,Fiorentina,1-3
Palermo,Sampdoria,2-0
Parma,Siena,0-0
Torino,Bologna,1-0
Juventus,Lazio,0-0
Napoli,Milan,2-2
Bologna,Palermo,3-0
Catania,Chievo,2-1
Fiorentina,Atalanta,4-1
Inter,Cagliari,2-2
Sampdoria,Genoa,3-1
Siena,Pescara,1-0
Udinese,Parma,2-2
Roma,Torino,2-0
Palermo,Catania,3-1
Atalanta,Genoa,0-1
Chievo,Siena,0-0
Milan,Juventus,1-0
Pescara,Roma,0-1
Sampdoria,Bologna,1-0
Torino,Fiorentina,2-2
Cagliari,Napoli,0-1
Parma,Inter,1-0
Lazio,Udinese,3-0
Catania,Milan,1-3
Juventus,Torino,3-0
Bologna,Atalanta,2-1
Fiorentina,Sampdoria,2-2
Genoa,Chievo,2-4
Inter,Palermo,1-0
Lazio,Parma,2-1
Napoli,Pescara,5-1
Siena,Roma,1-3
Udinese,Cagliari,4-1
Atalanta,Parma,2-1
Roma,Fiorentina,4-2
Cagliari,Chievo,0-2
Inter,Napoli,2-1
Palermo,Juventus,0-1
Pescara,Genoa,2-0
Siena,Catania,1-3
Torino,Milan,2-4
Bologna,Lazio,0-0
Sampdoria,Udinese,0-2
Lazio,Inter,1-0
Udinese,Palermo,1-1
Catania,Sampdoria,3-1
Chievo,Roma,1-0
Fiorentina,Siena,4-1
Genoa,Torino,1-1
Juventus,Atalanta,3-0
Milan,Pescara,4-1
Napoli,Bologna,2-3
Parma,Cagliari,4-1
Cagliari,Juventus,1-3
Pescara,Catania,2-1
Atalanta,Udinese,1-1
Bologna,Parma,1-2
Inter,Genoa,1-1
Palermo,Fiorentina,0-3
Roma,Milan,4-2
Sampdoria,Lazio,0-1
Siena,Napoli,0-2
Torino,Chievo,2-0
Catania,Torino,0-0
Lazio,Cagliari,2-1
Chievo,Atalanta,1-0
Fiorentina,Pescara,0-2
Genoa,Bologna,2-0
Juventus,Sampdoria,1-2
Milan,Siena,2-1
Napoli,Roma,4-1
Parma,Palermo,2-1
Udinese,Inter,3-0
Bologna,Chievo,4-0
Inter,Pescara,2-0
Cagliari,Genoa,2-1
Catania,Roma,1-0
Lazio,Atalanta,2-0
Napoli,Palermo,3-0
Parma,Juventus,1-1
Sampdoria,Milan,0-0
Torino,Siena,3-2
Udinese,Fiorentina,3-1
Juventus,Udinese,4-0
Milan,Bologna,2-1
Palermo,Lazio,2-2
Atalanta,Cagliari,1-1
Chievo,Parma,1-1
Fiorentina,Napoli,1-1
Genoa,Catania,0-2
Pescara,Torino,0-2
Roma,Inter,1-1
Siena,Sampdoria,1-0
Juventus,Genoa,1-1
Lazio,Chievo,0-1
Atalanta,Milan,0-1
Bologna,Roma,3-3
Cagliari,Palermo,1-1
Catania,Fiorentina,2-1
Inter,Torino,2-2
Parma,Napoli,1-2
Sampdoria,Pescara,6-0
Udinese,Siena,1-0
Roma,Cagliari,2-4
Napoli,Catania,2-0
Torino,Sampdoria,0-0
Chievo,Juventus,1-2
Fiorentina,Parma,2-0
Genoa,Lazio,3-2
Milan,Udinese,2-1
Palermo,Atalanta,1-2
Pescara,Bologna,2-3
Siena,Inter,3-1
Juventus,Fiorentina,2-0
Lazio,Napoli,1-1
Atalanta,Catania,0-0
Bologna,Siena,1-1
Cagliari,Milan,1-1
Inter,Chievo,3-1
Palermo,Pescara,1-1
Parma,Genoa,0-0
Sampdoria,Roma,3-1
Udinese,Torino,1-0
Milan,Parma,2-1
Chievo,Palermo,1-1
Roma,Juventus,1-0
Catania,Bologna,1-0
Fiorentina,Inter,4-1
Genoa,Udinese,1-0
Napoli,Sampdoria,0-0
Pescara,Cagliari,0-2
Torino,Atalanta,2-1
Siena,Lazio,3-0
Palermo,Genoa,0-0
Atalanta,Roma,2-3
Cagliari,Torino,4-3
Inter,Milan,1-1
Juventus,Siena,3-0
Parma,Catania,1-2
Sampdoria,Chievo,2-0
Lazio,Pescara,2-0
Udinese,Napoli,0-0
Bologna,Fiorentina,2-1
Napoli,Juventus,1-1
Milan,Lazio,3-0
Bologna,Cagliari,3-0
Catania,Inter,2-3
Fiorentina,Chievo,2-1
Pescara,Udinese,0-1
Roma,Genoa,3-1
Sampdoria,Parma,1-0
Siena,Atalanta,0-2
Torino,Palermo,0-0
Genoa,Milan,0-2
Udinese,Roma,1-1
Atalanta,Pescara,2-1
Cagliari,Sampdoria,3-1
Chievo,Napoli,2-0
Inter,Bologna,0-1
Juventus,Catania,1-0
Lazio,Fiorentina,0-2
Palermo,Siena,1-2
Parma,Torino,4-1
Bologna,Juventus,0-2
Catania,Udinese,3-1
Fiorentina,Genoa,3-2
Milan,Palermo,2-0
Napoli,Atalanta,3-2
Pescara,Chievo,0-2
Roma,Parma,2-0
Siena,Cagliari,0-0
Torino,Lazio,1-0
Atalanta,Sampdoria,0-0
Cagliari,Fiorentina,2-1
Chievo,Milan,0-1
Genoa,Siena,2-2
Inter,Juventus,1-2
Lazio,Catania,2-1
Palermo,Roma,2-0
Parma,Pescara,3-0
Torino,Napoli,3-5
Udinese,Bologna,0-0
Sampdoria,Inter,0-2
Bologna,Torino,2-2
Juventus,Pescara,2-1
Catania,Cagliari,0-0
Fiorentina,Milan,2-2
Inter,Atalanta,3-4
Napoli,Genoa,2-0
Sampdoria,Palermo,1-3
Siena,Parma,0-0
Udinese,Chievo,3-1
Roma,Lazio,1-1
Atalanta,Fiorentina,0-2
Pescara,Siena,2-3
Cagliari,Inter,2-0
Chievo,Catania,0-0
Genoa,Sampdoria,1-1
Milan,Napoli,1-1
Palermo,Bologna,1-1
Parma,Udinese,0-3
Torino,Roma,1-2
Lazio,Juventus,0-2
Genoa,Atalanta,1-1
Udinese,Lazio,1-0
Bologna,Sampdoria,1-1
Catania,Palermo,1-1
Fiorentina,Torino,4-3
Inter,Parma,1-0
Juventus,Milan,1-0
Napoli,Cagliari,3-2
Roma,Pescara,1-1
Siena,Chievo,0-1
Atalanta,Bologna,1-1
Cagliari,Udinese,0-1
Pescara,Napoli,0-3
Chievo,Genoa,0-1
Milan,Catania,4-2
Palermo,Inter,1-0
Parma,Lazio,0-0
Roma,Siena,4-0
Sampdoria,Fiorentina,0-3
Torino,Juventus,0-2
Chievo,Cagliari,0-0
Fiorentina,Roma,0-1
Catania,Siena,3-0
Genoa,Pescara,4-1
Juventus,Palermo,1-0
Lazio,Bologna,6-0
Milan,Torino,1-0
Napoli,Inter,3-1
Parma,Atalanta,2-0
Udinese,Sampdoria,3-1
Roma,Chievo,0-1
Atalanta,Juventus,0-1
Bologna,Napoli,0-3
Cagliari,Parma,0-1
Inter,Lazio,1-3
Palermo,Udinese,2-3
Pescara,Milan,0-4
Sampdoria,Catania,1-1
Siena,Fiorentina,0-1
Torino,Genoa,0-0
Catania,Pescara,1-0
Juventus,Cagliari,1-1
Chievo,Torino,1-1
Fiorentina,Palermo,1-0
Genoa,Inter,0-0
Lazio,Sampdoria,2-0
Milan,Roma,0-0
Napoli,Siena,2-1
Parma,Bologna,0-2
Udinese,Atalanta,2-1
Sampdoria,Juventus,3-2
Atalanta,Chievo,2-2
Bologna,Genoa,0-0
Cagliari,Lazio,1-0
Inter,Udinese,2-5
Palermo,Parma,1-3
Pescara,Fiorentina,1-5
Roma,Napoli,2-1
Siena,Milan,1-2
Torino,Catania,2-2
Sampdoria,Juventus,0-1
Verona,Milan,2-1
Cagliari,Atalanta,2-1
Inter,Genoa,2-0
Lazio,Udinese,2-1
Livorno,Roma,0-2
Napoli,Bologna,3-0
Parma,Chievo,0-0
Torino,Sassuolo,2-0
Fiorentina,Catania,2-1
Chievo,Napoli,2-4
Juventus,Lazio,4-1
Atalanta,Torino,2-0
Bologna,Sampdoria,2-2
Catania,Inter,0-3
Genoa,Fiorentina,2-5
Milan,Cagliari,3-1
Roma,Verona,3-0
Sassuolo,Livorno,1-4
Udinese,Parma,3-1
Inter,Juventus,1-1
Napoli,Atalanta,2-0
Torino,Milan,2-2
Fiorentina,Cagliari,1-1
Lazio,Chievo,3-0
Livorno,Catania,2-0
Sampdoria,Genoa,0-3
Udinese,Bologna,1-1
Verona,Sassuolo,2-0
Parma,Roma,1-3
Cagliari,Sampdoria,2-2
Chievo,Udinese,2-1
Genoa,Livorno,0-0
Atalanta,Fiorentina,0-2
Bologna,Torino,1-2
Catania,Parma,0-0
Juventus,Verona,2-1
Milan,Napoli,1-2
Roma,Lazio,2-0
Sassuolo,Inter,0-7
Udinese,Genoa,1-0
Bologna,Milan,3-3
Chievo,Juventus,1-2
Lazio,Catania,3-1
Livorno,Cagliari,1-1
Napoli,Sassuolo,1-1
Parma,Atalanta,4-3
Sampdoria,Roma,0-2
Torino,Verona,2-2
Inter,Fiorentina,2-1
Genoa,Napoli,0-2
Milan,Sampdoria,1-0
Atalanta,Udinese,2-0
Cagliari,Inter,1-1
Catania,Chievo,2-0
Roma,Bologna,5-0
Sassuolo,Lazio,2-2
Torino,Juventus,0-1
Verona,Livorno,2-1
Fiorentina,Parma,2-2
Bologna,Verona,1-4
Catania,Genoa,1-1
Napoli,Livorno,4-0
Parma,Sassuolo,3-1
Sampdoria,Torino,2-2
Udinese,Cagliari,2-0
Juventus,Milan,3-2
Lazio,Fiorentina,0-0
Chievo,Atalanta,0-1
Inter,Roma,0-3
Roma,Napoli,2-0
Cagliari,Catania,2-1
Milan,Udinese,1-0
Atalanta,Lazio,2-1
Fiorentina,Juventus,4-2
Genoa,Chievo,2-1
Livorno,Sampdoria,1-2
Sassuolo,Bologna,2-1
Verona,Parma,3-2
Torino,Inter,3-3
Inter,Verona,4-2
Sampdoria,Atalanta,1-0
Bologna,Livorno,1-0
Catania,Sassuolo,0-0
Chievo,Fiorentina,1-2
Juventus,Genoa,2-0
Lazio,Cagliari,2-0
Napoli,Torino,2-0
Parma,Milan,3-2
Udinese,Roma,0-1
Atalanta,Inter,1-1
Cagliari,Bologna,0-3
Fiorentina,Napoli,1-2
Genoa,Parma,1-0
Juventus,Catania,4-0
Livorno,Torino,3-3
Milan,Lazio,1-1
Sassuolo,Udinese,1-2
Verona,Sampdoria,2-0
Roma,Chievo,1-0
Milan,Fiorentina,0-2
Napoli,Catania,2-1
Parma,Juventus,0-1
Lazio,Genoa,0-2
Livorno,Atalanta,1-0
Sampdoria,Sassuolo,3-4
Torino,Roma,1-1
Udinese,Inter,0-3
Verona,Cagliari,2-1
Bologna,Chievo,0-0
Catania,Udinese,1-0
Inter,Livorno,2-0
Atalanta,Bologna,2-1
Cagliari,Torino,2-1
Chievo,Milan,0-0
Genoa,Verona,2-0
Parma,Lazio,1-1
Roma,Sassuolo,1-1
Fiorentina,Sampdoria,2-1
Juventus,Napoli,3-0
Milan,Genoa,1-1
Napoli,Parma,0-1
Verona,Chievo,0-1
Bologna,Inter,1-1
Livorno,Juventus,0-2
Sampdoria,Lazio,1-1
Sassuolo,Atalanta,2-0
Torino,Catania,4-1
Udinese,Fiorentina,1-0
Roma,Cagliari,0-0
Genoa,Torino,1-1
Parma,Bologna,1-1
Atalanta,Roma,1-1
Cagliari,Sassuolo,2-2
Catania,Milan,1-3
Chievo,Livorno,3-0
Inter,Sampdoria,1-1
Juventus,Udinese,1-0
Fiorentina,Verona,4-3
Lazio,Napoli,2-4
Bologna,Juventus,0-2
Livorno,Milan,2-2
Napoli,Udinese,3-3
Cagliari,Genoa,2-1
Inter,Parma,3-3
Roma,Fiorentina,2-1
Sampdoria,Catania,2-0
Sassuolo,Chievo,0-1
Torino,Lazio,1-0
Verona,Atalanta,2-1
Catania,Verona,0-0
Chievo,Sampdoria,0-1
Fiorentina,Bologna,3-0
Genoa,Atalanta,1-1
Juventus,Sassuolo,4-0
Lazio,Livorno,2-0
Napoli,Inter,4-2
Parma,Cagliari,0-0
Udinese,Torino,0-2
Milan,Roma,2-2
Cagliari,Napoli,1-1
Livorno,Udinese,1-2
Atalanta,Juventus,1-4
Bologna,Genoa,1-0
Inter,Milan,1-0
Roma,Catania,4-0
Sampdoria,Parma,1-1
Sassuolo,Fiorentina,0-1
Torino,Chievo,4-1
Verona,Lazio,4-1
Chievo,Cagliari,0-0
Fiorentina,Livorno,1-0
Juventus,Roma,3-0
Catania,Bologna,2-0
Genoa,Sassuolo,2-0
Lazio,Inter,1-0
Milan,Atalanta,3-0
Napoli,Sampdoria,2-0
Parma,Torino,3-1
Udinese,Verona,1-3
Bologna,Lazio,0-0
Livorno,Parma,0-3
Atalanta,Catania,2-1
Cagliari,Juventus,1-4
Roma,Genoa,4-0
Sassuolo,Milan,4-3
Torino,Fiorentina,0-0
Verona,Napoli,0-3
Inter,Chievo,1-1
Sampdoria,Udinese,3-0
Juventus,Sampdoria,4-2
Roma,Livorno,3-0
Atalanta,Cagliari,1-0
Bologna,Napoli,2-2
Catania,Fiorentina,0-3
Chievo,Parma,1-2
Genoa,Inter,1-0
Milan,Verona,1-0
Sassuolo,Torino,0-2
Udinese,Lazio,2-3
Lazio,Juventus,1-1
Napoli,Chievo,1-1
Cagliari,Milan,1-2
Inter,Catania,0-0
Livorno,Sassuolo,3-1
Parma,Udinese,1-0
Sampdoria,Bologna,1-1
Torino,Atalanta,1-0
Verona,Roma,1-3
Fiorentina,Genoa,3-3
Bologna,Udinese,0-2
Cagliari,Fiorentina,1-0
Milan,Torino,1-1
Atalanta,Napoli,3-0
Catania,Livorno,3-3
Chievo,Lazio,0-2
Sassuolo,Verona,1-2
Juventus,Inter,3-1
Genoa,Sampdoria,0-1
Fiorentina,Atalanta,2-0
Napoli,Milan,3-1
Udinese,Chievo,3-0
Lazio,Roma,0-0
Livorno,Genoa,0-1
Parma,Catania,0-0
Sampdoria,Cagliari,1-0
Torino,Bologna,1-2
Verona,Juventus,2-2
Inter,Sassuolo,1-0
Milan,Bologna,1-0
Fiorentina,Inter,1-2
Atalanta,Parma,0-4
Cagliari,Livorno,1-2
Catania,Lazio,3-1
Genoa,Udinese,3-3
Juventus,Chievo,3-1
Sassuolo,Napoli,0-2
Roma,Sampdoria,3-0
Verona,Torino,1-3
Bologna,Roma,0-1
Chievo,Catania,2-0
Inter,Cagliari,1-1
Juventus,Torino,1-0
Livorno,Verona,2-3
Sampdoria,Milan,0-2
Udinese,Atalanta,1-1
Lazio,Sassuolo,3-2
Napoli,Genoa,1-1
Parma,Fiorentina,2-2
Roma,Inter,0-0
Atalanta,Chievo,2-1
Cagliari,Udinese,3-0
Fiorentina,Lazio,0-1
Genoa,Catania,2-0
Livorno,Napoli,1-1
Milan,Juventus,0-2
Sassuolo,Parma,0-1
Torino,Sampdoria,0-2
Verona,Bologna,0-0
Catania,Cagliari,1-1
Udinese,Milan,1-0
Bologna,Sassuolo,0-0
Chievo,Genoa,2-1
Inter,Torino,1-0
Juventus,Fiorentina,1-0
Lazio,Atalanta,0-1
Napoli,Roma,1-0
Parma,Verona,2-0
Sampdoria,Livorno,4-2
Verona,Inter,0-2
Atalanta,Sampdoria,3-0
Cagliari,Lazio,0-2
Fiorentina,Chievo,3-1
Genoa,Juventus,0-1
Livorno,Bologna,2-1
Milan,Parma,2-4
Sassuolo,Catania,3-1
Roma,Udinese,3-2
Torino,Napoli,0-1
Chievo,Roma,0-2
Torino,Livorno,3-1
Bologna,Cagliari,1-0
Catania,Juventus,0-1
Inter,Atalanta,1-2
Lazio,Milan,1-1
Napoli,Fiorentina,0-1
Parma,Genoa,1-1
Sampdoria,Verona,5-0
Udinese,Sassuolo,1-0
Roma,Torino,2-1
Atalanta,Livorno,2-0
Cagliari,Verona,1-0
Catania,Napoli,2-4
Chievo,Bologna,3-0
Fiorentina,Milan,0-2
Genoa,Lazio,2-0
Juventus,Parma,2-1
Sassuolo,Sampdoria,1-2
Inter,Udinese,0-0
Bologna,Atalanta,0-2
Milan,Chievo,3-0
Lazio,Parma,3-2
Napoli,Juventus,2-0
Sampdoria,Fiorentina,0-0
Sassuolo,Roma,0-2
Torino,Cagliari,2-1
Verona,Genoa,3-0
Livorno,Inter,2-2
Udinese,Catania,1-0
Roma,Parma,4-2
Chievo,Verona,0-1
Inter,Bologna,2-2
Atalanta,Sassuolo,0-2
Cagliari,Roma,1-3
Catania,Torino,1-2
Fiorentina,Udinese,2-1
Lazio,Sampdoria,2-0
Parma,Napoli,1-0
Genoa,Milan,1-2
Juventus,Livorno,2-0
Roma,Atalanta,3-1
Sassuolo,Cagliari,1-1
Bologna,Parma,1-1
Livorno,Chievo,2-4
Napoli,Lazio,4-2
Sampdoria,Inter,0-4
Torino,Genoa,2-1
Verona,Fiorentina,3-5
Milan,Catania,1-0
Udinese,Juventus,0-2
Atalanta,Verona,1-2
Catania,Sampdoria,2-1
Chievo,Sassuolo,0-1
Fiorentina,Roma,0-1
Genoa,Cagliari,1-2
Juventus,Bologna,1-0
Lazio,Torino,3-3
Milan,Livorno,3-0
Parma,Inter,0-2
Udinese,Napoli,1-1
Roma,Milan,2-0
Bologna,Fiorentina,0-3
Inter,Napoli,0-0
Atalanta,Genoa,1-1
Cagliari,Parma,1-0
Livorno,Lazio,0-2
Sampdoria,Chievo,2-1
Torino,Udinese,2-0
Verona,Catania,4-0
Sassuolo,Juventus,1-3
Catania,Roma,4-1
Chievo,Torino,0-1
Genoa,Bologna,0-0
Parma,Sampdoria,2-0
Udinese,Livorno,5-3
Milan,Inter,1-0
Juventus,Atalanta,1-0
Lazio,Verona,3-3
Fiorentina,Sassuolo,3-4
Napoli,Cagliari,3-0
Inter,Lazio,4-1
Verona,Udinese,2-2
Atalanta,Milan,2-1
Bologna,Catania,1-2
Cagliari,Chievo,0-1
Livorno,Fiorentina,0-1
Roma,Juventus,0-1
Sampdoria,Napoli,2-5
Sassuolo,Genoa,4-2
Torino,Parma,1-1
Udinese,Sampdoria,3-3
Catania,Atalanta,2-1
Chievo,Inter,2-1
Fiorentina,Torino,2-2
Genoa,Roma,1-0
Juventus,Cagliari,3-0
Lazio,Bologna,1-0
Milan,Sassuolo,2-1
Napoli,Verona,5-1
Parma,Livorno,2-0
